epoch,auc,f1_score,loss,precision,recall,val_auc,val_f1_score,val_loss,val_precision,val_recall
0,0.4976094663143158,"""[0.0049197306, 0.014494253, 0.0, 0.48557162, 0.0004689332, 0.0, 0.0, 0.002766252, 0.036267214, 0.0047058826, 0.0, 0.0, 0.0, 0.0, 0.0]""",0.2909291386604309,0.12694300711154938,0.0026938989758491516,0.5000306963920593,"""[0.0, 0.0, 0.0, 0.29960188, 0.0, 0.0, 0.0, 0.0, 0.0, 0.0, 0.0, 0.0, 0.0, 0.0, 0.0]""",0.26476946473121643,0.0,0.0
1,0.4977186620235443,"""[0.0, 0.0, 0.0, 0.49056894, 0.0, 0.0, 0.0, 0.0, 0.0, 0.0, 0.0, 0.0, 0.0, 0.0, 0.0]""",0.28658658266067505,0.0,0.0,0.5,"""[0.0, 0.0, 0.0, 0.29960188, 0.0, 0.0, 0.0, 0.0, 0.0, 0.0, 0.0, 0.0, 0.0, 0.0, 0.0]""",0.25879544019699097,0.0,0.0
2,0.49702635407447815,"""[0.0, 0.0, 0.0, 0.49056894, 0.0, 0.0, 0.0, 0.0, 0.0, 0.0, 0.0, 0.0, 0.0, 0.0, 0.0]""",0.2858099639415741,0.0,0.0,0.5,"""[0.0, 0.0, 0.0, 0.29960188, 0.0, 0.0, 0.0, 0.0, 0.0, 0.0, 0.0, 0.0, 0.0, 0.0, 0.0]""",0.25756752490997314,0.0,0.0
3,0.5006557703018188,"""[0.0, 0.0, 0.0, 0.49056894, 0.0, 0.0, 0.0, 0.0, 0.0, 0.0, 0.0, 0.0, 0.0, 0.0, 0.0]""",0.28550517559051514,0.0,0.0,0.5,"""[0.0, 0.0, 0.0, 0.29960188, 0.0, 0.0, 0.0, 0.0, 0.0, 0.0, 0.0, 0.0, 0.0, 0.0, 0.0]""",0.257353812456131,0.0,0.0
4,0.5003316402435303,"""[0.0, 0.0, 0.0, 0.49056894, 0.0, 0.0, 0.0, 0.0, 0.0, 0.0, 0.0, 0.0, 0.0, 0.0, 0.0]""",0.2853715419769287,0.0,0.0,0.5,"""[0.0, 0.0, 0.0, 0.29960188, 0.0, 0.0, 0.0, 0.0, 0.0, 0.0, 0.0, 0.0, 0.0, 0.0, 0.0]""",0.25729265809059143,0.0,0.0
5,0.4994988739490509,"""[0.0, 0.0, 0.0, 0.49056894, 0.0, 0.0, 0.0, 0.0, 0.0, 0.0, 0.0, 0.0, 0.0, 0.0, 0.0]""",0.2853061854839325,0.0,0.0,0.5,"""[0.0, 0.0, 0.0, 0.29960188, 0.0, 0.0, 0.0, 0.0, 0.0, 0.0, 0.0, 0.0, 0.0, 0.0, 0.0]""",0.25743216276168823,0.0,0.0
6,0.49837061762809753,"""[0.0, 0.0, 0.0, 0.49056894, 0.0, 0.0, 0.0, 0.0, 0.0, 0.0, 0.0, 0.0, 0.0, 0.0, 0.0]""",0.28527459502220154,0.0,0.0,0.5,"""[0.0, 0.0, 0.0, 0.29960188, 0.0, 0.0, 0.0, 0.0, 0.0, 0.0, 0.0, 0.0, 0.0, 0.0, 0.0]""",0.2574279308319092,0.0,0.0
7,0.49810802936553955,"""[0.0, 0.0, 0.0, 0.49056894, 0.0, 0.0, 0.0, 0.0, 0.0, 0.0, 0.0, 0.0, 0.0, 0.0, 0.0]""",0.28516361117362976,0.0,0.0,0.5,"""[0.0, 0.0, 0.0, 0.29960188, 0.0, 0.0, 0.0, 0.0, 0.0, 0.0, 0.0, 0.0, 0.0, 0.0, 0.0]""",0.2570405900478363,0.0,0.0
8,0.49823299050331116,"""[0.0, 0.0, 0.0, 0.49056894, 0.0, 0.0, 0.0, 0.0, 0.0, 0.0, 0.0, 0.0, 0.0, 0.0, 0.0]""",0.2851596474647522,0.0,0.0,0.5,"""[0.0, 0.0, 0.0, 0.29960188, 0.0, 0.0, 0.0, 0.0, 0.0, 0.0, 0.0, 0.0, 0.0, 0.0, 0.0]""",0.257028728723526,0.0,0.0
9,0.49818718433380127,"""[0.0, 0.0, 0.0, 0.49056894, 0.0, 0.0, 0.0, 0.0, 0.0, 0.0, 0.0, 0.0, 0.0, 0.0, 0.0]""",0.2851587235927582,0.0,0.0,0.5,"""[0.0, 0.0, 0.0, 0.29960188, 0.0, 0.0, 0.0, 0.0, 0.0, 0.0, 0.0, 0.0, 0.0, 0.0, 0.0]""",0.257022500038147,0.0,0.0
10,0.49815627932548523,"""[0.0, 0.0, 0.0, 0.49056894, 0.0, 0.0, 0.0, 0.0, 0.0, 0.0, 0.0, 0.0, 0.0, 0.0, 0.0]""",0.2851580083370209,0.0,0.0,0.5,"""[0.0, 0.0, 0.0, 0.29960188, 0.0, 0.0, 0.0, 0.0, 0.0, 0.0, 0.0, 0.0, 0.0, 0.0, 0.0]""",0.2570081651210785,0.0,0.0
11,0.4987108111381531,"""[0.0, 0.0, 0.0, 0.49056894, 0.0, 0.0, 0.0, 0.0, 0.0, 0.0, 0.0, 0.0, 0.0, 0.0, 0.0]""",0.2851047217845917,0.0,0.0,0.5,"""[0.0, 0.0, 0.0, 0.29960188, 0.0, 0.0, 0.0, 0.0, 0.0, 0.0, 0.0, 0.0, 0.0, 0.0, 0.0]""",0.2564900517463684,0.0,0.0
12,0.4980657696723938,"""[0.0, 0.0, 0.0, 0.49056894, 0.0, 0.0, 0.0, 0.0, 0.0, 0.0, 0.0, 0.0, 0.0, 0.0, 0.0]""",0.2851031422615051,0.0,0.0,0.5,"""[0.0, 0.0, 0.0, 0.29960188, 0.0, 0.0, 0.0, 0.0, 0.0, 0.0, 0.0, 0.0, 0.0, 0.0, 0.0]""",0.2564859986305237,0.0,0.0
13,0.4980946183204651,"""[0.0, 0.0, 0.0, 0.49056894, 0.0, 0.0, 0.0, 0.0, 0.0, 0.0, 0.0, 0.0, 0.0, 0.0, 0.0]""",0.2851030230522156,0.0,0.0,0.5,"""[0.0, 0.0, 0.0, 0.29960188, 0.0, 0.0, 0.0, 0.0, 0.0, 0.0, 0.0, 0.0, 0.0, 0.0, 0.0]""",0.2564810514450073,0.0,0.0
14,0.49794527888298035,"""[0.0, 0.0, 0.0, 0.49056894, 0.0, 0.0, 0.0, 0.0, 0.0, 0.0, 0.0, 0.0, 0.0, 0.0, 0.0]""",0.2851031720638275,0.0,0.0,0.5,"""[0.0, 0.0, 0.0, 0.29960188, 0.0, 0.0, 0.0, 0.0, 0.0, 0.0, 0.0, 0.0, 0.0, 0.0, 0.0]""",0.25648224353790283,0.0,0.0
15,0.4979492127895355,"""[0.0, 0.0, 0.0, 0.49056894, 0.0, 0.0, 0.0, 0.0, 0.0, 0.0, 0.0, 0.0, 0.0, 0.0, 0.0]""",0.2850742042064667,0.0,0.0,0.5,"""[0.0, 0.0, 0.0, 0.29960188, 0.0, 0.0, 0.0, 0.0, 0.0, 0.0, 0.0, 0.0, 0.0, 0.0, 0.0]""",0.2562057375907898,0.0,0.0
16,0.49777403473854065,"""[0.0, 0.0, 0.0, 0.49056894, 0.0, 0.0, 0.0, 0.0, 0.0, 0.0, 0.0, 0.0, 0.0, 0.0, 0.0]""",0.28507378697395325,0.0,0.0,0.5,"""[0.0, 0.0, 0.0, 0.29960188, 0.0, 0.0, 0.0, 0.0, 0.0, 0.0, 0.0, 0.0, 0.0, 0.0, 0.0]""",0.2562025189399719,0.0,0.0
17,0.497807115316391,"""[0.0, 0.0, 0.0, 0.49056894, 0.0, 0.0, 0.0, 0.0, 0.0, 0.0, 0.0, 0.0, 0.0, 0.0, 0.0]""",0.28507354855537415,0.0,0.0,0.5,"""[0.0, 0.0, 0.0, 0.29960188, 0.0, 0.0, 0.0, 0.0, 0.0, 0.0, 0.0, 0.0, 0.0, 0.0, 0.0]""",0.25619935989379883,0.0,0.0
18,0.4976499676704407,"""[0.0, 0.0, 0.0, 0.49056894, 0.0, 0.0, 0.0, 0.0, 0.0, 0.0, 0.0, 0.0, 0.0, 0.0, 0.0]""",0.2850736379623413,0.0,0.0,0.5,"""[0.0, 0.0, 0.0, 0.29960188, 0.0, 0.0, 0.0, 0.0, 0.0, 0.0, 0.0, 0.0, 0.0, 0.0, 0.0]""",0.2562006711959839,0.0,0.0
19,0.49847182631492615,"""[0.0, 0.0, 0.0, 0.49056894, 0.0, 0.0, 0.0, 0.0, 0.0, 0.0, 0.0, 0.0, 0.0, 0.0, 0.0]""",0.2850584089756012,0.0,0.0,0.5,"""[0.0, 0.0, 0.0, 0.29960188, 0.0, 0.0, 0.0, 0.0, 0.0, 0.0, 0.0, 0.0, 0.0, 0.0, 0.0]""",0.2559637725353241,0.0,0.0
20,0.49821922183036804,"""[0.0, 0.0, 0.0, 0.49056894, 0.0, 0.0, 0.0, 0.0, 0.0, 0.0, 0.0, 0.0, 0.0, 0.0, 0.0]""",0.28505703806877136,0.0,0.0,0.5,"""[0.0, 0.0, 0.0, 0.29960188, 0.0, 0.0, 0.0, 0.0, 0.0, 0.0, 0.0, 0.0, 0.0, 0.0, 0.0]""",0.25595569610595703,0.0,0.0
21,0.4985591769218445,"""[0.0, 0.0, 0.0, 0.49056894, 0.0, 0.0, 0.0, 0.0, 0.0, 0.0, 0.0, 0.0, 0.0, 0.0, 0.0]""",0.28505685925483704,0.0,0.0,0.5,"""[0.0, 0.0, 0.0, 0.29960188, 0.0, 0.0, 0.0, 0.0, 0.0, 0.0, 0.0, 0.0, 0.0, 0.0, 0.0]""",0.2559584081172943,0.0,0.0
22,0.4984200596809387,"""[0.0, 0.0, 0.0, 0.49056894, 0.0, 0.0, 0.0, 0.0, 0.0, 0.0, 0.0, 0.0, 0.0, 0.0, 0.0]""",0.28505679965019226,0.0,0.0,0.5,"""[0.0, 0.0, 0.0, 0.29960188, 0.0, 0.0, 0.0, 0.0, 0.0, 0.0, 0.0, 0.0, 0.0, 0.0, 0.0]""",0.25595828890800476,0.0,0.0
23,0.49851465225219727,"""[0.0, 0.0, 0.0, 0.49056894, 0.0, 0.0, 0.0, 0.0, 0.0, 0.0, 0.0, 0.0, 0.0, 0.0, 0.0]""",0.28504806756973267,0.0,0.0,0.5,"""[0.0, 0.0, 0.0, 0.29960188, 0.0, 0.0, 0.0, 0.0, 0.0, 0.0, 0.0, 0.0, 0.0, 0.0, 0.0]""",0.25577470660209656,0.0,0.0
24,0.49881312251091003,"""[0.0, 0.0, 0.0, 0.49056894, 0.0, 0.0, 0.0, 0.0, 0.0, 0.0, 0.0, 0.0, 0.0, 0.0, 0.0]""",0.2850472927093506,0.0,0.0,0.5,"""[0.0, 0.0, 0.0, 0.29960188, 0.0, 0.0, 0.0, 0.0, 0.0, 0.0, 0.0, 0.0, 0.0, 0.0, 0.0]""",0.2557399570941925,0.0,0.0
25,0.4990706145763397,"""[0.0, 0.0, 0.0, 0.49056894, 0.0, 0.0, 0.0, 0.0, 0.0, 0.0, 0.0, 0.0, 0.0, 0.0, 0.0]""",0.2850472033023834,0.0,0.0,0.5,"""[0.0, 0.0, 0.0, 0.29960188, 0.0, 0.0, 0.0, 0.0, 0.0, 0.0, 0.0, 0.0, 0.0, 0.0, 0.0]""",0.2557336986064911,0.0,0.0
26,0.499120831489563,"""[0.0, 0.0, 0.0, 0.49056894, 0.0, 0.0, 0.0, 0.0, 0.0, 0.0, 0.0, 0.0, 0.0, 0.0, 0.0]""",0.285047322511673,0.0,0.0,0.5,"""[0.0, 0.0, 0.0, 0.29960188, 0.0, 0.0, 0.0, 0.0, 0.0, 0.0, 0.0, 0.0, 0.0, 0.0, 0.0]""",0.2557326853275299,0.0,0.0
27,0.4992811977863312,"""[0.0, 0.0, 0.0, 0.49056894, 0.0, 0.0, 0.0, 0.0, 0.0, 0.0, 0.0, 0.0, 0.0, 0.0, 0.0]""",0.28504204750061035,0.0,0.0,0.5,"""[0.0, 0.0, 0.0, 0.29960188, 0.0, 0.0, 0.0, 0.0, 0.0, 0.0, 0.0, 0.0, 0.0, 0.0, 0.0]""",0.25565820932388306,0.0,0.0
28,0.4991728365421295,"""[0.0, 0.0, 0.0, 0.49056894, 0.0, 0.0, 0.0, 0.0, 0.0, 0.0, 0.0, 0.0, 0.0, 0.0, 0.0]""",0.28504180908203125,0.0,0.0,0.5,"""[0.0, 0.0, 0.0, 0.29960188, 0.0, 0.0, 0.0, 0.0, 0.0, 0.0, 0.0, 0.0, 0.0, 0.0, 0.0]""",0.2556247115135193,0.0,0.0
29,0.49906036257743835,"""[0.0, 0.0, 0.0, 0.49056894, 0.0, 0.0, 0.0, 0.0, 0.0, 0.0, 0.0, 0.0, 0.0, 0.0, 0.0]""",0.2850417494773865,0.0,0.0,0.5,"""[0.0, 0.0, 0.0, 0.29960188, 0.0, 0.0, 0.0, 0.0, 0.0, 0.0, 0.0, 0.0, 0.0, 0.0, 0.0]""",0.2556082010269165,0.0,0.0
30,0.4988934099674225,"""[0.0, 0.0, 0.0, 0.49056894, 0.0, 0.0, 0.0, 0.0, 0.0, 0.0, 0.0, 0.0, 0.0, 0.0, 0.0]""",0.2850416302680969,0.0,0.0,0.5,"""[0.0, 0.0, 0.0, 0.29960188, 0.0, 0.0, 0.0, 0.0, 0.0, 0.0, 0.0, 0.0, 0.0, 0.0, 0.0]""",0.2556028366088867,0.0,0.0
31,0.4989124834537506,"""[0.0, 0.0, 0.0, 0.49056894, 0.0, 0.0, 0.0, 0.0, 0.0, 0.0, 0.0, 0.0, 0.0, 0.0, 0.0]""",0.2850385904312134,0.0,0.0,0.5,"""[0.0, 0.0, 0.0, 0.29960188, 0.0, 0.0, 0.0, 0.0, 0.0, 0.0, 0.0, 0.0, 0.0, 0.0, 0.0]""",0.25558122992515564,0.0,0.0
32,0.498895525932312,"""[0.0, 0.0, 0.0, 0.49056894, 0.0, 0.0, 0.0, 0.0, 0.0, 0.0, 0.0, 0.0, 0.0, 0.0, 0.0]""",0.2850385904312134,0.0,0.0,0.5,"""[0.0, 0.0, 0.0, 0.29960188, 0.0, 0.0, 0.0, 0.0, 0.0, 0.0, 0.0, 0.0, 0.0, 0.0, 0.0]""",0.25556498765945435,0.0,0.0
33,0.49896761775016785,"""[0.0, 0.0, 0.0, 0.49056894, 0.0, 0.0, 0.0, 0.0, 0.0, 0.0, 0.0, 0.0, 0.0, 0.0, 0.0]""",0.28503865003585815,0.0,0.0,0.5,"""[0.0, 0.0, 0.0, 0.29960188, 0.0, 0.0, 0.0, 0.0, 0.0, 0.0, 0.0, 0.0, 0.0, 0.0, 0.0]""",0.25555509328842163,0.0,0.0
34,0.49902379512786865,"""[0.0, 0.0, 0.0, 0.49056894, 0.0, 0.0, 0.0, 0.0, 0.0, 0.0, 0.0, 0.0, 0.0, 0.0, 0.0]""",0.28503847122192383,0.0,0.0,0.5,"""[0.0, 0.0, 0.0, 0.29960188, 0.0, 0.0, 0.0, 0.0, 0.0, 0.0, 0.0, 0.0, 0.0, 0.0, 0.0]""",0.2555525600910187,0.0,0.0
35,0.4989229738712311,"""[0.0, 0.0, 0.0, 0.49056894, 0.0, 0.0, 0.0, 0.0, 0.0, 0.0, 0.0, 0.0, 0.0, 0.0, 0.0]""",0.28503847122192383,0.0,0.0,0.5,"""[0.0, 0.0, 0.0, 0.29960188, 0.0, 0.0, 0.0, 0.0, 0.0, 0.0, 0.0, 0.0, 0.0, 0.0, 0.0]""",0.2555444836616516,0.0,0.0
36,0.49888941645622253,"""[0.0, 0.0, 0.0, 0.49056894, 0.0, 0.0, 0.0, 0.0, 0.0, 0.0, 0.0, 0.0, 0.0, 0.0, 0.0]""",0.28503844141960144,0.0,0.0,0.5,"""[0.0, 0.0, 0.0, 0.29960188, 0.0, 0.0, 0.0, 0.0, 0.0, 0.0, 0.0, 0.0, 0.0, 0.0, 0.0]""",0.2555435001850128,0.0,0.0
37,0.4987032115459442,"""[0.0, 0.0, 0.0, 0.49056894, 0.0, 0.0, 0.0, 0.0, 0.0, 0.0, 0.0, 0.0, 0.0, 0.0, 0.0]""",0.2850365936756134,0.0,0.0,0.5,"""[0.0, 0.0, 0.0, 0.29960188, 0.0, 0.0, 0.0, 0.0, 0.0, 0.0, 0.0, 0.0, 0.0, 0.0, 0.0]""",0.2555380165576935,0.0,0.0
38,0.4990468919277191,"""[0.0, 0.0, 0.0, 0.49056894, 0.0, 0.0, 0.0, 0.0, 0.0, 0.0, 0.0, 0.0, 0.0, 0.0, 0.0]""",0.2850368916988373,0.0,0.0,0.5,"""[0.0, 0.0, 0.0, 0.29960188, 0.0, 0.0, 0.0, 0.0, 0.0, 0.0, 0.0, 0.0, 0.0, 0.0, 0.0]""",0.25553181767463684,0.0,0.0
39,0.49901801347732544,"""[0.0, 0.0, 0.0, 0.49056894, 0.0, 0.0, 0.0, 0.0, 0.0, 0.0, 0.0, 0.0, 0.0, 0.0, 0.0]""",0.28503698110580444,0.0,0.0,0.5,"""[0.0, 0.0, 0.0, 0.29960188, 0.0, 0.0, 0.0, 0.0, 0.0, 0.0, 0.0, 0.0, 0.0, 0.0, 0.0]""",0.25552666187286377,0.0,0.0
40,0.499379426240921,"""[0.0, 0.0, 0.0, 0.49056894, 0.0, 0.0, 0.0, 0.0, 0.0, 0.0, 0.0, 0.0, 0.0, 0.0, 0.0]""",0.28503626585006714,0.0,0.0,0.5,"""[0.0, 0.0, 0.0, 0.29960188, 0.0, 0.0, 0.0, 0.0, 0.0, 0.0, 0.0, 0.0, 0.0, 0.0, 0.0]""",0.25552451610565186,0.0,0.0
41,0.499338835477829,"""[0.0, 0.0, 0.0, 0.49056894, 0.0, 0.0, 0.0, 0.0, 0.0, 0.0, 0.0, 0.0, 0.0, 0.0, 0.0]""",0.2850361466407776,0.0,0.0,0.5,"""[0.0, 0.0, 0.0, 0.29960188, 0.0, 0.0, 0.0, 0.0, 0.0, 0.0, 0.0, 0.0, 0.0, 0.0, 0.0]""",0.2555224597454071,0.0,0.0
42,0.4994441866874695,"""[0.0, 0.0, 0.0, 0.49056894, 0.0, 0.0, 0.0, 0.0, 0.0, 0.0, 0.0, 0.0, 0.0, 0.0, 0.0]""",0.2850360572338104,0.0,0.0,0.5,"""[0.0, 0.0, 0.0, 0.29960188, 0.0, 0.0, 0.0, 0.0, 0.0, 0.0, 0.0, 0.0, 0.0, 0.0, 0.0]""",0.25551778078079224,0.0,0.0
43,0.49951890110969543,"""[0.0, 0.0, 0.0, 0.49056894, 0.0, 0.0, 0.0, 0.0, 0.0, 0.0, 0.0, 0.0, 0.0, 0.0, 0.0]""",0.2850355803966522,0.0,0.0,0.5,"""[0.0, 0.0, 0.0, 0.29960188, 0.0, 0.0, 0.0, 0.0, 0.0, 0.0, 0.0, 0.0, 0.0, 0.0, 0.0]""",0.2555162310600281,0.0,0.0
44,0.4996165931224823,"""[0.0, 0.0, 0.0, 0.49056894, 0.0, 0.0, 0.0, 0.0, 0.0, 0.0, 0.0, 0.0, 0.0, 0.0, 0.0]""",0.2850356996059418,0.0,0.0,0.5,"""[0.0, 0.0, 0.0, 0.29960188, 0.0, 0.0, 0.0, 0.0, 0.0, 0.0, 0.0, 0.0, 0.0, 0.0, 0.0]""",0.2555157244205475,0.0,0.0
45,0.49957746267318726,"""[0.0, 0.0, 0.0, 0.49056894, 0.0, 0.0, 0.0, 0.0, 0.0, 0.0, 0.0, 0.0, 0.0, 0.0, 0.0]""",0.2850358188152313,0.0,0.0,0.5,"""[0.0, 0.0, 0.0, 0.29960188, 0.0, 0.0, 0.0, 0.0, 0.0, 0.0, 0.0, 0.0, 0.0, 0.0, 0.0]""",0.2555147409439087,0.0,0.0
46,0.49935272336006165,"""[0.0, 0.0, 0.0, 0.49056894, 0.0, 0.0, 0.0, 0.0, 0.0, 0.0, 0.0, 0.0, 0.0, 0.0, 0.0]""",0.2850353419780731,0.0,0.0,0.5,"""[0.0, 0.0, 0.0, 0.29960188, 0.0, 0.0, 0.0, 0.0, 0.0, 0.0, 0.0, 0.0, 0.0, 0.0, 0.0]""",0.255514919757843,0.0,0.0
47,0.4993932843208313,"""[0.0, 0.0, 0.0, 0.49056894, 0.0, 0.0, 0.0, 0.0, 0.0, 0.0, 0.0, 0.0, 0.0, 0.0, 0.0]""",0.2850354015827179,0.0,0.0,0.5,"""[0.0, 0.0, 0.0, 0.29960188, 0.0, 0.0, 0.0, 0.0, 0.0, 0.0, 0.0, 0.0, 0.0, 0.0, 0.0]""",0.2555130124092102,0.0,0.0
48,0.49944421648979187,"""[0.0, 0.0, 0.0, 0.49056894, 0.0, 0.0, 0.0, 0.0, 0.0, 0.0, 0.0, 0.0, 0.0, 0.0, 0.0]""",0.2850354015827179,0.0,0.0,0.5,"""[0.0, 0.0, 0.0, 0.29960188, 0.0, 0.0, 0.0, 0.0, 0.0, 0.0, 0.0, 0.0, 0.0, 0.0, 0.0]""",0.2555125951766968,0.0,0.0
49,0.49927833676338196,"""[0.0, 0.0, 0.0, 0.49056894, 0.0, 0.0, 0.0, 0.0, 0.0, 0.0, 0.0, 0.0, 0.0, 0.0, 0.0]""",0.2850354015827179,0.0,0.0,0.5,"""[0.0, 0.0, 0.0, 0.29960188, 0.0, 0.0, 0.0, 0.0, 0.0, 0.0, 0.0, 0.0, 0.0, 0.0, 0.0]""",0.25551074743270874,0.0,0.0
50,0.49926134943962097,"""[0.0, 0.0, 0.0, 0.49056894, 0.0, 0.0, 0.0, 0.0, 0.0, 0.0, 0.0, 0.0, 0.0, 0.0, 0.0]""",0.2850353717803955,0.0,0.0,0.5,"""[0.0, 0.0, 0.0, 0.29960188, 0.0, 0.0, 0.0, 0.0, 0.0, 0.0, 0.0, 0.0, 0.0, 0.0, 0.0]""",0.2555105984210968,0.0,0.0
51,0.4989891052246094,"""[0.0, 0.0, 0.0, 0.49056894, 0.0, 0.0, 0.0, 0.0, 0.0, 0.0, 0.0, 0.0, 0.0, 0.0, 0.0]""",0.2850353419780731,0.0,0.0,0.5,"""[0.0, 0.0, 0.0, 0.29960188, 0.0, 0.0, 0.0, 0.0, 0.0, 0.0, 0.0, 0.0, 0.0, 0.0, 0.0]""",0.2555105984210968,0.0,0.0
52,0.4996880888938904,"""[0.0, 0.0, 0.0, 0.49056894, 0.0, 0.0, 0.0, 0.0, 0.0, 0.0, 0.0, 0.0, 0.0, 0.0, 0.0]""",0.28503528237342834,0.0,0.0,0.5,"""[0.0, 0.0, 0.0, 0.29960188, 0.0, 0.0, 0.0, 0.0, 0.0, 0.0, 0.0, 0.0, 0.0, 0.0, 0.0]""",0.25551027059555054,0.0,0.0
53,0.4997323453426361,"""[0.0, 0.0, 0.0, 0.49056894, 0.0, 0.0, 0.0, 0.0, 0.0, 0.0, 0.0, 0.0, 0.0, 0.0, 0.0]""",0.2850353717803955,0.0,0.0,0.5,"""[0.0, 0.0, 0.0, 0.29960188, 0.0, 0.0, 0.0, 0.0, 0.0, 0.0, 0.0, 0.0, 0.0, 0.0, 0.0]""",0.25551003217697144,0.0,0.0
54,0.49946582317352295,"""[0.0, 0.0, 0.0, 0.49056894, 0.0, 0.0, 0.0, 0.0, 0.0, 0.0, 0.0, 0.0, 0.0, 0.0, 0.0]""",0.28503525257110596,0.0,0.0,0.5,"""[0.0, 0.0, 0.0, 0.29960188, 0.0, 0.0, 0.0, 0.0, 0.0, 0.0, 0.0, 0.0, 0.0, 0.0, 0.0]""",0.2555089294910431,0.0,0.0
55,0.5,"""[0.0, 0.0, 0.0, 0.49056894, 0.0, 0.0, 0.0, 0.0, 0.0, 0.0, 0.0, 0.0, 0.0, 0.0, 0.0]""",0.28503531217575073,0.0,0.0,0.5,"""[0.0, 0.0, 0.0, 0.29960188, 0.0, 0.0, 0.0, 0.0, 0.0, 0.0, 0.0, 0.0, 0.0, 0.0, 0.0]""",0.25550904870033264,0.0,0.0
56,0.4999246299266815,"""[0.0, 0.0, 0.0, 0.49056894, 0.0, 0.0, 0.0, 0.0, 0.0, 0.0, 0.0, 0.0, 0.0, 0.0, 0.0]""",0.28503531217575073,0.0,0.0,0.5,"""[0.0, 0.0, 0.0, 0.29960188, 0.0, 0.0, 0.0, 0.0, 0.0, 0.0, 0.0, 0.0, 0.0, 0.0, 0.0]""",0.25550904870033264,0.0,0.0
57,0.4999026656150818,"""[0.0, 0.0, 0.0, 0.49056894, 0.0, 0.0, 0.0, 0.0, 0.0, 0.0, 0.0, 0.0, 0.0, 0.0, 0.0]""",0.28503522276878357,0.0,0.0,0.5,"""[0.0, 0.0, 0.0, 0.29960188, 0.0, 0.0, 0.0, 0.0, 0.0, 0.0, 0.0, 0.0, 0.0, 0.0, 0.0]""",0.25550904870033264,0.0,0.0
58,0.5,"""[0.0, 0.0, 0.0, 0.49056894, 0.0, 0.0, 0.0, 0.0, 0.0, 0.0, 0.0, 0.0, 0.0, 0.0, 0.0]""",0.28503522276878357,0.0,0.0,0.5,"""[0.0, 0.0, 0.0, 0.29960188, 0.0, 0.0, 0.0, 0.0, 0.0, 0.0, 0.0, 0.0, 0.0, 0.0, 0.0]""",0.2555067241191864,0.0,0.0
59,0.4997643828392029,"""[0.0, 0.0, 0.0, 0.49056894, 0.0, 0.0, 0.0, 0.0, 0.0, 0.0, 0.0, 0.0, 0.0, 0.0, 0.0]""",0.28503528237342834,0.0,0.0,0.5,"""[0.0, 0.0, 0.0, 0.29960188, 0.0, 0.0, 0.0, 0.0, 0.0, 0.0, 0.0, 0.0, 0.0, 0.0, 0.0]""",0.25550639629364014,0.0,0.0
60,0.5,"""[0.0, 0.0, 0.0, 0.49056894, 0.0, 0.0, 0.0, 0.0, 0.0, 0.0, 0.0, 0.0, 0.0, 0.0, 0.0]""",0.28503528237342834,0.0,0.0,0.5,"""[0.0, 0.0, 0.0, 0.29960188, 0.0, 0.0, 0.0, 0.0, 0.0, 0.0, 0.0, 0.0, 0.0, 0.0, 0.0]""",0.25550612807273865,0.0,0.0
61,0.5,"""[0.0, 0.0, 0.0, 0.49056894, 0.0, 0.0, 0.0, 0.0, 0.0, 0.0, 0.0, 0.0, 0.0, 0.0, 0.0]""",0.2850354015827179,0.0,0.0,0.5,"""[0.0, 0.0, 0.0, 0.29960188, 0.0, 0.0, 0.0, 0.0, 0.0, 0.0, 0.0, 0.0, 0.0, 0.0, 0.0]""",0.2555067539215088,0.0,0.0
62,0.5,"""[0.0, 0.0, 0.0, 0.49056894, 0.0, 0.0, 0.0, 0.0, 0.0, 0.0, 0.0, 0.0, 0.0, 0.0, 0.0]""",0.28503528237342834,0.0,0.0,0.5,"""[0.0, 0.0, 0.0, 0.29960188, 0.0, 0.0, 0.0, 0.0, 0.0, 0.0, 0.0, 0.0, 0.0, 0.0, 0.0]""",0.25550636649131775,0.0,0.0
63,0.5,"""[0.0, 0.0, 0.0, 0.49056894, 0.0, 0.0, 0.0, 0.0, 0.0, 0.0, 0.0, 0.0, 0.0, 0.0, 0.0]""",0.28503528237342834,0.0,0.0,0.5,"""[0.0, 0.0, 0.0, 0.29960188, 0.0, 0.0, 0.0, 0.0, 0.0, 0.0, 0.0, 0.0, 0.0, 0.0, 0.0]""",0.25550636649131775,0.0,0.0
64,0.5,"""[0.0, 0.0, 0.0, 0.49056894, 0.0, 0.0, 0.0, 0.0, 0.0, 0.0, 0.0, 0.0, 0.0, 0.0, 0.0]""",0.28503528237342834,0.0,0.0,0.5,"""[0.0, 0.0, 0.0, 0.29960188, 0.0, 0.0, 0.0, 0.0, 0.0, 0.0, 0.0, 0.0, 0.0, 0.0, 0.0]""",0.2555061876773834,0.0,0.0
65,0.5,"""[0.0, 0.0, 0.0, 0.49056894, 0.0, 0.0, 0.0, 0.0, 0.0, 0.0, 0.0, 0.0, 0.0, 0.0, 0.0]""",0.28503528237342834,0.0,0.0,0.5,"""[0.0, 0.0, 0.0, 0.29960188, 0.0, 0.0, 0.0, 0.0, 0.0, 0.0, 0.0, 0.0, 0.0, 0.0, 0.0]""",0.2555061876773834,0.0,0.0
66,0.5,"""[0.0, 0.0, 0.0, 0.49056894, 0.0, 0.0, 0.0, 0.0, 0.0, 0.0, 0.0, 0.0, 0.0, 0.0, 0.0]""",0.2850353419780731,0.0,0.0,0.5,"""[0.0, 0.0, 0.0, 0.29960188, 0.0, 0.0, 0.0, 0.0, 0.0, 0.0, 0.0, 0.0, 0.0, 0.0, 0.0]""",0.2555061876773834,0.0,0.0
67,0.5,"""[0.0, 0.0, 0.0, 0.49056894, 0.0, 0.0, 0.0, 0.0, 0.0, 0.0, 0.0, 0.0, 0.0, 0.0, 0.0]""",0.2850353419780731,0.0,0.0,0.5,"""[0.0, 0.0, 0.0, 0.29960188, 0.0, 0.0, 0.0, 0.0, 0.0, 0.0, 0.0, 0.0, 0.0, 0.0, 0.0]""",0.2555061876773834,0.0,0.0
68,0.5,"""[0.0, 0.0, 0.0, 0.49056894, 0.0, 0.0, 0.0, 0.0, 0.0, 0.0, 0.0, 0.0, 0.0, 0.0, 0.0]""",0.2850353419780731,0.0,0.0,0.5,"""[0.0, 0.0, 0.0, 0.29960188, 0.0, 0.0, 0.0, 0.0, 0.0, 0.0, 0.0, 0.0, 0.0, 0.0, 0.0]""",0.2555061876773834,0.0,0.0
69,0.5,"""[0.0, 0.0, 0.0, 0.49056894, 0.0, 0.0, 0.0, 0.0, 0.0, 0.0, 0.0, 0.0, 0.0, 0.0, 0.0]""",0.2850353419780731,0.0,0.0,0.5,"""[0.0, 0.0, 0.0, 0.29960188, 0.0, 0.0, 0.0, 0.0, 0.0, 0.0, 0.0, 0.0, 0.0, 0.0, 0.0]""",0.25550636649131775,0.0,0.0
70,0.5,"""[0.0, 0.0, 0.0, 0.49056894, 0.0, 0.0, 0.0, 0.0, 0.0, 0.0, 0.0, 0.0, 0.0, 0.0, 0.0]""",0.2850353419780731,0.0,0.0,0.5,"""[0.0, 0.0, 0.0, 0.29960188, 0.0, 0.0, 0.0, 0.0, 0.0, 0.0, 0.0, 0.0, 0.0, 0.0, 0.0]""",0.25550636649131775,0.0,0.0
