thresholds,TP,TN,FP,FN
-1e-07,"[12160.  2225.   894.  3951.  1046.   446.   487.   319.  2625.   294.
   663.   557.  1285.  1141.    46.]",[0. 0. 0. 0. 0. 0. 0. 0. 0. 0. 0. 0. 0. 0. 0.],"[10264. 20199. 21530. 18473. 21378. 21978. 21937. 22105. 19799. 22130.
 21761. 21867. 21139. 21283. 22378.]",[0. 0. 0. 0. 0. 0. 0. 0. 0. 0. 0. 0. 0. 0. 0.]
0.005025125628140704,"[1.216e+04 2.225e+03 8.940e+02 3.951e+03 1.045e+03 4.400e+02 4.760e+02
 2.980e+02 2.624e+03 2.940e+02 6.600e+02 5.360e+02 1.285e+03 1.141e+03
 7.000e+00]","[0.0000e+00 1.0000e+00 2.1200e+02 0.0000e+00 1.6600e+02 3.9890e+03
 1.5870e+03 4.3330e+03 2.3700e+02 6.0200e+02 2.5800e+02 4.1650e+03
 0.0000e+00 1.5000e+01 2.0665e+04]","[10264. 20198. 21318. 18473. 21212. 17989. 20350. 17772. 19562. 21528.
 21503. 17702. 21139. 21268.  1713.]",[ 0.  0.  0.  0.  1.  6. 11. 21.  1.  0.  3. 21.  0.  0. 39.]
0.010050251256281407,"[12160.  2225.   891.  3951.  1039.   438.   432.   222.  2621.   281.
   650.   470.  1284.  1141.     0.]","[0.0000e+00 3.9000e+01 8.7400e+02 0.0000e+00 8.8100e+02 6.1730e+03
 5.5220e+03 1.0250e+04 6.4100e+02 2.9100e+03 1.8000e+03 9.9430e+03
 7.0000e+00 1.0900e+02 2.2375e+04]","[1.0264e+04 2.0160e+04 2.0656e+04 1.8473e+04 2.0497e+04 1.5805e+04
 1.6415e+04 1.1855e+04 1.9158e+04 1.9220e+04 1.9961e+04 1.1924e+04
 2.1132e+04 2.1174e+04 3.0000e+00]",[ 0.  0.  3.  0.  7.  8. 55. 97.  4. 13. 13. 87.  1.  0. 46.]
0.01507537688442211,"[12160.  2224.   883.  3951.  1022.   436.   371.   184.  2616.   245.
   615.   360.  1283.  1138.     0.]","[    0.   168.  1827.     0.  2219.  7494.  9660. 13747.  1161.  6485.
  4508. 14729.    49.   368. 22378.]","[10264. 20031. 19703. 18473. 19159. 14484. 12277.  8358. 18638. 15645.
 17253.  7138. 21090. 20915.     0.]","[  0.   1.  11.   0.  24.  10. 116. 135.   9.  49.  48. 197.   2.   3.
  46.]"
0.020100502512562814,"[12160.  2222.   880.  3951.   991.   430.   310.   134.  2608.   206.
   556.   264.  1280.  1132.     0.]","[0.0000e+00 4.0900e+02 2.7970e+03 3.0000e+00 3.8420e+03 8.6610e+03
 1.3178e+04 1.6051e+04 1.7150e+03 1.0668e+04 7.3670e+03 1.7812e+04
 2.2200e+02 9.7600e+02 2.2378e+04]","[10264. 19790. 18733. 18470. 17536. 13317.  8759.  6054. 18084. 11462.
 14394.  4055. 20917. 20307.     0.]","[  0.   3.  14.   0.  55.  16. 177. 185.  17.  88. 107. 293.   5.   9.
  46.]"
0.02512562814070352,"[12160.  2216.   871.  3951.   951.   403.   253.   107.  2604.   166.
   507.   207.  1266.  1115.     0.]","[0.0000e+00 8.2600e+02 3.7220e+03 6.0000e+00 5.6730e+03 1.0089e+04
 1.6021e+04 1.7732e+04 2.2510e+03 1.4059e+04 9.9560e+03 1.9596e+04
 7.3000e+02 1.8860e+03 2.2378e+04]","[10264. 19373. 17808. 18467. 15705. 11889.  5916.  4373. 17548.  8071.
 11805.  2271. 20409. 19397.     0.]","[  0.   9.  23.   0.  95.  43. 234. 212.  21. 128. 156. 350.  19.  26.
  46.]"
0.03015075376884422,"[12160.  2198.   869.  3951.   896.   373.   216.    82.  2599.   132.
   460.   157.  1228.  1082.     0.]","[0.0000e+00 1.3630e+03 4.5120e+03 1.0000e+01 7.6060e+03 1.1690e+04
 1.8034e+04 1.8950e+04 2.7660e+03 1.6300e+04 1.2080e+04 2.0580e+04
 1.7460e+03 3.0940e+03 2.2378e+04]","[10264. 18836. 17018. 18463. 13772. 10288.  3903.  3155. 17033.  5830.
  9681.  1287. 19393. 18189.     0.]","[  0.  27.  25.   0. 150.  73. 271. 237.  26. 162. 203. 400.  57.  59.
  46.]"
0.035175879396984924,"[12160.  2182.   865.  3951.   838.   333.   185.    61.  2595.   107.
   422.   112.  1171.  1034.     0.]","[0.0000e+00 1.9930e+03 5.2070e+03 1.6000e+01 9.5090e+03 1.3302e+04
 1.9357e+04 1.9940e+04 3.2660e+03 1.7853e+04 1.3695e+04 2.1149e+04
 3.1090e+03 4.6340e+03 2.2378e+04]","[10264. 18206. 16323. 18457. 11869.  8676.  2580.  2165. 16533.  4277.
  8066.   718. 18030. 16649.     0.]","[  0.  43.  29.   0. 208. 113. 302. 258.  30. 187. 241. 445. 114. 107.
  46.]"
0.04020100502512563,"[12160.  2159.   856.  3948.   787.   284.   144.    49.  2587.    84.
   382.    88.  1101.   989.     0.]","[    0.  2750.  5859.    30. 11286. 14618. 20192. 20720.  3746. 18965.
 15000. 21423.  4753.  6294. 22378.]","[10264. 17449. 15671. 18443. 10092.  7360.  1745.  1385. 16053.  3165.
  6761.   444. 16386. 14989.     0.]","[  0.  66.  38.   3. 259. 162. 343. 270.  38. 210. 281. 469. 184. 152.
  46.]"
0.04522613065326633,"[12160.  2144.   850.  3946.   737.   250.   121.    28.  2576.    68.
   338.    74.  1029.   939.     0.]","[    0.  3568.  6403.    44. 12855. 15716. 20780. 21280.  4214. 19878.
 16123. 21578.  6423.  8016. 22378.]","[10264. 16631. 15127. 18429.  8523.  6262.  1157.   825. 15585.  2252.
  5638.   289. 14716. 13267.     0.]","[  0.  81.  44.   5. 309. 196. 366. 291.  49. 226. 325. 483. 256. 202.
  46.]"
0.05025125628140704,"[12160.  2115.   844.  3946.   680.   230.   104.    20.  2568.    45.
   302.    58.   954.   870.     0.]","[    0.  4343.  6936.    71. 14196. 16559. 21125. 21662.  4665. 20606.
 16985. 21667.  8130.  9689. 22378.]","[10264. 15856. 14594. 18402.  7182.  5419.   812.   443. 15134.  1524.
  4776.   200. 13009. 11594.     0.]","[  0. 110.  50.   5. 366. 216. 383. 299.  57. 249. 361. 499. 331. 271.
  46.]"
0.05527638190954774,"[1.216e+04 2.073e+03 8.330e+02 3.946e+03 6.510e+02 2.060e+02 8.400e+01
 1.100e+01 2.556e+03 3.500e+01 2.740e+02 4.800e+01 8.700e+02 8.080e+02
 0.000e+00]","[    0.  5148.  7429.    86. 15313. 17272. 21355. 21894.  5131. 21288.
 17693. 21734.  9738. 11174. 22378.]","[10264. 15051. 14101. 18387.  6065.  4706.   582.   211. 14668.   842.
  4068.   133. 11401. 10109.     0.]","[  0. 152.  61.   5. 395. 240. 403. 308.  69. 259. 389. 509. 415. 333.
  46.]"
0.06030150753768844,"[1.216e+04 2.035e+03 8.210e+02 3.943e+03 5.990e+02 1.900e+02 6.700e+01
 3.000e+00 2.546e+03 1.800e+01 2.460e+02 4.100e+01 7.870e+02 7.600e+02
 0.000e+00]","[    0.  5961.  7883.   121. 16252. 17842. 21490. 22016.  5593. 21808.
 18311. 21771. 11225. 12471. 22378.]","[10264. 14238. 13647. 18352.  5126.  4136.   447.    89. 14206.   322.
  3450.    96.  9914.  8812.     0.]","[  0. 190.  73.   8. 447. 256. 420. 316.  79. 276. 417. 516. 498. 381.
  46.]"
0.06532663316582915,"[1.216e+04 1.996e+03 8.100e+02 3.942e+03 5.540e+02 1.620e+02 5.500e+01
 1.000e+00 2.534e+03 4.000e+00 2.190e+02 3.500e+01 7.310e+02 7.060e+02
 0.000e+00]","[    0.  6708.  8408.   164. 16960. 18355. 21589. 22070.  6016. 22045.
 18791. 21801. 12698. 13710. 22378.]","[10264. 13491. 13122. 18309.  4418.  3623.   348.    35. 13783.    85.
  2970.    66.  8441.  7573.     0.]","[  0. 229.  84.   9. 492. 284. 432. 318.  91. 290. 444. 522. 554. 435.
  46.]"
0.07035175879396985,"[12160.  1946.   799.  3939.   518.   142.    50.     0.  2524.     0.
   203.    30.   656.   648.     0.]","[    0.  7438.  8945.   220. 17542. 18829. 21664. 22096.  6429. 22130.
 19236. 21820. 14046. 14731. 22378.]","[1.0264e+04 1.2761e+04 1.2585e+04 1.8253e+04 3.8360e+03 3.1490e+03
 2.7300e+02 9.0000e+00 1.3370e+04 0.0000e+00 2.5250e+03 4.7000e+01
 7.0930e+03 6.5520e+03 0.0000e+00]","[  0. 279.  95.  12. 528. 304. 437. 319. 101. 294. 460. 527. 629. 493.
  46.]"
0.07537688442211055,"[12160.  1890.   783.  3933.   486.   131.    45.     0.  2515.     0.
   179.    22.   586.   602.     0.]","[1.0000e+00 8.1600e+03 9.4880e+03 2.8900e+02 1.8067e+04 1.9227e+04
 2.1714e+04 2.2105e+04 6.8340e+03 2.2130e+04 1.9598e+04 2.1834e+04
 1.5271e+04 1.5613e+04 2.2378e+04]","[10263. 12039. 12042. 18184.  3311.  2751.   223.     0. 12965.     0.
  2163.    33.  5868.  5670.     0.]","[  0. 335. 111.  18. 560. 315. 442. 319. 110. 294. 484. 535. 699. 539.
  46.]"
0.08040201005025126,"[12160.  1838.   762.  3929.   444.   118.    42.     0.  2496.     0.
   157.    21.   523.   557.     0.]","[1.0000e+00 8.8500e+03 1.0060e+04 3.6800e+02 1.8505e+04 1.9603e+04
 2.1747e+04 2.2105e+04 7.2140e+03 2.2130e+04 1.9896e+04 2.1841e+04
 1.6356e+04 1.6332e+04 2.2378e+04]","[10263. 11349. 11470. 18105.  2873.  2375.   190.     0. 12585.     0.
  1865.    26.  4783.  4951.     0.]","[  0. 387. 132.  22. 602. 328. 445. 319. 129. 294. 506. 536. 762. 584.
  46.]"
0.08542713567839195,"[12160.  1791.   741.  3922.   414.   108.    40.     0.  2483.     0.
   132.    18.   452.   521.     0.]","[2.0000e+00 9.4890e+03 1.0654e+04 4.6200e+02 1.8859e+04 1.9941e+04
 2.1784e+04 2.2105e+04 7.6020e+03 2.2130e+04 2.0172e+04 2.1847e+04
 1.7285e+04 1.6989e+04 2.2378e+04]","[10262. 10710. 10876. 18011.  2519.  2037.   153.     0. 12197.     0.
  1589.    20.  3854.  4294.     0.]","[  0. 434. 153.  29. 632. 338. 447. 319. 142. 294. 531. 539. 833. 620.
  46.]"
0.09045226130653267,"[12160.  1730.   719.  3916.   388.   100.    36.     0.  2463.     0.
   114.    18.   382.   489.     0.]","[2.0000e+00 1.0120e+04 1.1318e+04 5.6800e+02 1.9152e+04 2.0225e+04
 2.1810e+04 2.2105e+04 7.9830e+03 2.2130e+04 2.0380e+04 2.1848e+04
 1.8043e+04 1.7548e+04 2.2378e+04]","[10262. 10079. 10212. 17905.  2226.  1753.   127.     0. 11816.     0.
  1381.    19.  3096.  3735.     0.]","[  0. 495. 175.  35. 658. 346. 451. 319. 162. 294. 549. 539. 903. 652.
  46.]"
0.09547738693467336,"[12160.  1675.   690.  3909.   364.    95.    35.     0.  2450.     0.
   103.    17.   333.   460.     0.]","[3.0000e+00 1.0770e+04 1.2009e+04 6.7300e+02 1.9428e+04 2.0493e+04
 2.1827e+04 2.2105e+04 8.3670e+03 2.2130e+04 2.0590e+04 2.1850e+04
 1.8655e+04 1.8048e+04 2.2378e+04]","[1.0261e+04 9.4290e+03 9.5210e+03 1.7800e+04 1.9500e+03 1.4850e+03
 1.1000e+02 0.0000e+00 1.1432e+04 0.0000e+00 1.1710e+03 1.7000e+01
 2.4840e+03 3.2350e+03 0.0000e+00]","[  0. 550. 204.  42. 682. 351. 452. 319. 175. 294. 560. 540. 952. 681.
  46.]"
0.10050251256281408,"[12160.  1623.   653.  3902.   341.    80.    34.     0.  2429.     0.
    94.    15.   298.   423.     0.]","[7.0000e+00 1.1364e+04 1.2665e+04 7.9500e+02 1.9692e+04 2.0734e+04
 2.1841e+04 2.2105e+04 8.7120e+03 2.2130e+04 2.0812e+04 2.1850e+04
 1.9168e+04 1.8447e+04 2.2378e+04]","[1.0257e+04 8.8350e+03 8.8650e+03 1.7678e+04 1.6860e+03 1.2440e+03
 9.6000e+01 0.0000e+00 1.1087e+04 0.0000e+00 9.4900e+02 1.7000e+01
 1.9710e+03 2.8360e+03 0.0000e+00]","[  0. 602. 241.  49. 705. 366. 453. 319. 196. 294. 569. 542. 987. 718.
  46.]"
0.10552763819095477,"[12158.  1562.   629.  3882.   320.    68.    32.     0.  2411.     0.
    79.    14.   254.   398.     0.]","[9.0000e+00 1.1885e+04 1.3365e+04 9.9500e+02 1.9897e+04 2.0917e+04
 2.1851e+04 2.2105e+04 9.0730e+03 2.2130e+04 2.0971e+04 2.1852e+04
 1.9593e+04 1.8799e+04 2.2378e+04]","[1.0255e+04 8.3140e+03 8.1650e+03 1.7478e+04 1.4810e+03 1.0610e+03
 8.6000e+01 0.0000e+00 1.0726e+04 0.0000e+00 7.9000e+02 1.5000e+01
 1.5460e+03 2.4840e+03 0.0000e+00]","[   2.  663.  265.   69.  726.  378.  455.  319.  214.  294.  584.  543.
 1031.  743.   46.]"
0.11055276381909548,"[1.2157e+04 1.5040e+03 5.8700e+02 3.8620e+03 3.0000e+02 5.9000e+01
 3.1000e+01 0.0000e+00 2.3890e+03 0.0000e+00 6.9000e+01 1.2000e+01
 2.3100e+02 3.7900e+02 0.0000e+00]","[1.0000e+01 1.2422e+04 1.4096e+04 1.1730e+03 2.0096e+04 2.1137e+04
 2.1863e+04 2.2105e+04 9.4480e+03 2.2130e+04 2.1095e+04 2.1852e+04
 1.9914e+04 1.9075e+04 2.2378e+04]","[1.0254e+04 7.7770e+03 7.4340e+03 1.7300e+04 1.2820e+03 8.4100e+02
 7.4000e+01 0.0000e+00 1.0351e+04 0.0000e+00 6.6600e+02 1.5000e+01
 1.2250e+03 2.2080e+03 0.0000e+00]","[   3.  721.  307.   89.  746.  387.  456.  319.  236.  294.  594.  545.
 1054.  762.   46.]"
0.11557788944723618,"[1.2157e+04 1.4520e+03 5.4400e+02 3.8420e+03 2.7600e+02 5.0000e+01
 2.8000e+01 0.0000e+00 2.3560e+03 0.0000e+00 5.7000e+01 1.1000e+01
 1.9900e+02 3.4800e+02 0.0000e+00]","[1.5000e+01 1.2915e+04 1.4898e+04 1.3870e+03 2.0226e+04 2.1313e+04
 2.1875e+04 2.2105e+04 9.7670e+03 2.2130e+04 2.1204e+04 2.1853e+04
 2.0147e+04 1.9322e+04 2.2378e+04]","[1.0249e+04 7.2840e+03 6.6320e+03 1.7086e+04 1.1520e+03 6.6500e+02
 6.2000e+01 0.0000e+00 1.0032e+04 0.0000e+00 5.5700e+02 1.4000e+01
 9.9200e+02 1.9610e+03 0.0000e+00]","[   3.  773.  350.  109.  770.  396.  459.  319.  269.  294.  606.  546.
 1086.  793.   46.]"
0.12060301507537688,"[1.2153e+04 1.3940e+03 4.9200e+02 3.8230e+03 2.6300e+02 3.8000e+01
 2.7000e+01 0.0000e+00 2.3280e+03 0.0000e+00 4.4000e+01 1.1000e+01
 1.7800e+02 3.2000e+02 0.0000e+00]","[   23. 13394. 15842.  1617. 20365. 21487. 21881. 22105. 10085. 22130.
 21315. 21854. 20340. 19534. 22378.]","[1.0241e+04 6.8050e+03 5.6880e+03 1.6856e+04 1.0130e+03 4.9100e+02
 5.6000e+01 0.0000e+00 9.7140e+03 0.0000e+00 4.4600e+02 1.3000e+01
 7.9900e+02 1.7490e+03 0.0000e+00]","[   7.  831.  402.  128.  783.  408.  460.  319.  297.  294.  619.  546.
 1107.  821.   46.]"
0.12562814070351758,"[1.2152e+04 1.3350e+03 4.2300e+02 3.8070e+03 2.3700e+02 2.9000e+01
 2.4000e+01 0.0000e+00 2.2990e+03 0.0000e+00 3.3000e+01 9.0000e+00
 1.5500e+02 3.0100e+02 0.0000e+00]","[   24. 13869. 16789.  1876. 20480. 21624. 21887. 22105. 10458. 22130.
 21403. 21854. 20515. 19744. 22378.]","[1.0240e+04 6.3300e+03 4.7410e+03 1.6597e+04 8.9800e+02 3.5400e+02
 5.0000e+01 0.0000e+00 9.3410e+03 0.0000e+00 3.5800e+02 1.3000e+01
 6.2400e+02 1.5390e+03 0.0000e+00]","[   8.  890.  471.  144.  809.  417.  463.  319.  326.  294.  630.  548.
 1130.  840.   46.]"
0.1306532663316583,"[1.2149e+04 1.2700e+03 3.5700e+02 3.7690e+03 2.2300e+02 2.3000e+01
 2.1000e+01 0.0000e+00 2.2670e+03 0.0000e+00 2.5000e+01 8.0000e+00
 1.3500e+02 2.7500e+02 0.0000e+00]","[   41. 14323. 17737.  2139. 20573. 21720. 21889. 22105. 10814. 22130.
 21464. 21855. 20640. 19900. 22378.]","[1.0223e+04 5.8760e+03 3.7930e+03 1.6334e+04 8.0500e+02 2.5800e+02
 4.8000e+01 0.0000e+00 8.9850e+03 0.0000e+00 2.9700e+02 1.2000e+01
 4.9900e+02 1.3830e+03 0.0000e+00]","[  11.  955.  537.  182.  823.  423.  466.  319.  358.  294.  638.  549.
 1150.  866.   46.]"
0.135678391959799,"[1.2148e+04 1.2120e+03 2.9900e+02 3.7280e+03 2.0400e+02 1.7000e+01
 2.1000e+01 0.0000e+00 2.2320e+03 0.0000e+00 2.1000e+01 7.0000e+00
 1.1900e+02 2.6000e+02 0.0000e+00]","[   57. 14735. 18408.  2447. 20664. 21808. 21891. 22105. 11132. 22130.
 21522. 21856. 20736. 20048. 22378.]","[1.0207e+04 5.4640e+03 3.1220e+03 1.6026e+04 7.1400e+02 1.7000e+02
 4.6000e+01 0.0000e+00 8.6670e+03 0.0000e+00 2.3900e+02 1.1000e+01
 4.0300e+02 1.2350e+03 0.0000e+00]","[  12. 1013.  595.  223.  842.  429.  466.  319.  393.  294.  642.  550.
 1166.  881.   46.]"
0.1407035175879397,"[1.2146e+04 1.1630e+03 2.5200e+02 3.6860e+03 1.8600e+02 9.0000e+00
 1.9000e+01 0.0000e+00 2.2050e+03 0.0000e+00 1.4000e+01 6.0000e+00
 1.0600e+02 2.4000e+02 0.0000e+00]","[   75. 15148. 18999.  2723. 20757. 21865. 21897. 22105. 11467. 22130.
 21584. 21856. 20806. 20193. 22378.]","[1.0189e+04 5.0510e+03 2.5310e+03 1.5750e+04 6.2100e+02 1.1300e+02
 4.0000e+01 0.0000e+00 8.3320e+03 0.0000e+00 1.7700e+02 1.1000e+01
 3.3300e+02 1.0900e+03 0.0000e+00]","[  14. 1062.  642.  265.  860.  437.  468.  319.  420.  294.  649.  551.
 1179.  901.   46.]"
0.1457286432160804,"[1.2142e+04 1.1160e+03 2.1500e+02 3.6450e+03 1.7800e+02 8.0000e+00
 1.8000e+01 0.0000e+00 2.1790e+03 0.0000e+00 1.0000e+01 6.0000e+00
 9.9000e+01 2.2500e+02 0.0000e+00]","[  100. 15519. 19556.  3025. 20833. 21908. 21898. 22105. 11792. 22130.
 21620. 21857. 20852. 20296. 22378.]","[1.0164e+04 4.6800e+03 1.9740e+03 1.5448e+04 5.4500e+02 7.0000e+01
 3.9000e+01 0.0000e+00 8.0070e+03 0.0000e+00 1.4100e+02 1.0000e+01
 2.8700e+02 9.8700e+02 0.0000e+00]","[  18. 1109.  679.  306.  868.  438.  469.  319.  446.  294.  653.  551.
 1186.  916.   46.]"
0.1507537688442211,"[1.2136e+04 1.0390e+03 1.8100e+02 3.6080e+03 1.7200e+02 4.0000e+00
 1.7000e+01 0.0000e+00 2.1540e+03 0.0000e+00 7.0000e+00 6.0000e+00
 8.8000e+01 2.1300e+02 0.0000e+00]","[  124. 15902. 20041.  3318. 20886. 21933. 21898. 22105. 12106. 22130.
 21643. 21857. 20893. 20410. 22378.]","[1.0140e+04 4.2970e+03 1.4890e+03 1.5155e+04 4.9200e+02 4.5000e+01
 3.9000e+01 0.0000e+00 7.6930e+03 0.0000e+00 1.1800e+02 1.0000e+01
 2.4600e+02 8.7300e+02 0.0000e+00]","[  24. 1186.  713.  343.  874.  442.  470.  319.  471.  294.  656.  551.
 1197.  928.   46.]"
0.15577889447236182,"[1.2131e+04 9.7000e+02 1.3400e+02 3.5720e+03 1.6400e+02 3.0000e+00
 1.7000e+01 0.0000e+00 2.1290e+03 0.0000e+00 3.0000e+00 6.0000e+00
 8.1000e+01 1.9600e+02 0.0000e+00]","[  155. 16260. 20446.  3630. 20943. 21955. 21901. 22105. 12461. 22130.
 21675. 21858. 20925. 20498. 22378.]","[1.0109e+04 3.9390e+03 1.0840e+03 1.4843e+04 4.3500e+02 2.3000e+01
 3.6000e+01 0.0000e+00 7.3380e+03 0.0000e+00 8.6000e+01 9.0000e+00
 2.1400e+02 7.8500e+02 0.0000e+00]","[  29. 1255.  760.  379.  882.  443.  470.  319.  496.  294.  660.  551.
 1204.  945.   46.]"
0.16080402010050251,"[1.2124e+04 9.1800e+02 9.8000e+01 3.5230e+03 1.5700e+02 1.0000e+00
 1.6000e+01 0.0000e+00 2.1010e+03 0.0000e+00 2.0000e+00 5.0000e+00
 7.0000e+01 1.8600e+02 0.0000e+00]","[  174. 16639. 20752.  3941. 20991. 21970. 21905. 22105. 12753. 22130.
 21692. 21858. 20953. 20578. 22378.]","[1.0090e+04 3.5600e+03 7.7800e+02 1.4532e+04 3.8700e+02 8.0000e+00
 3.2000e+01 0.0000e+00 7.0460e+03 0.0000e+00 6.9000e+01 9.0000e+00
 1.8600e+02 7.0500e+02 0.0000e+00]","[  36. 1307.  796.  428.  889.  445.  471.  319.  524.  294.  661.  552.
 1215.  955.   46.]"
0.1658291457286432,"[1.212e+04 8.660e+02 7.100e+01 3.481e+03 1.380e+02 0.000e+00 1.600e+01
 0.000e+00 2.066e+03 0.000e+00 1.000e+00 4.000e+00 6.200e+01 1.780e+02
 0.000e+00]","[  202. 16952. 20981.  4230. 21027. 21972. 21906. 22105. 13020. 22130.
 21708. 21859. 20987. 20654. 22378.]","[1.0062e+04 3.2470e+03 5.4900e+02 1.4243e+04 3.5100e+02 6.0000e+00
 3.1000e+01 0.0000e+00 6.7790e+03 0.0000e+00 5.3000e+01 8.0000e+00
 1.5200e+02 6.2900e+02 0.0000e+00]","[  40. 1359.  823.  470.  908.  446.  471.  319.  559.  294.  662.  553.
 1223.  963.   46.]"
0.1708542713567839,"[1.211e+04 8.110e+02 5.800e+01 3.440e+03 1.270e+02 0.000e+00 1.500e+01
 0.000e+00 2.031e+03 0.000e+00 1.000e+00 4.000e+00 5.400e+01 1.660e+02
 0.000e+00]","[  241. 17272. 21169.  4543. 21056. 21977. 21907. 22105. 13307. 22130.
 21724. 21859. 21014. 20735. 22378.]","[1.0023e+04 2.9270e+03 3.6100e+02 1.3930e+04 3.2200e+02 1.0000e+00
 3.0000e+01 0.0000e+00 6.4920e+03 0.0000e+00 3.7000e+01 8.0000e+00
 1.2500e+02 5.4800e+02 0.0000e+00]","[  50. 1414.  836.  511.  919.  446.  472.  319.  594.  294.  662.  553.
 1231.  975.   46.]"
0.17587939698492464,"[1.2101e+04 7.4800e+02 3.9000e+01 3.3960e+03 1.1600e+02 0.0000e+00
 1.4000e+01 0.0000e+00 1.9920e+03 0.0000e+00 1.0000e+00 4.0000e+00
 4.8000e+01 1.5600e+02 0.0000e+00]","[  275. 17507. 21302.  4860. 21088. 21978. 21907. 22105. 13581. 22130.
 21734. 21859. 21034. 20795. 22378.]","[9.9890e+03 2.6920e+03 2.2800e+02 1.3613e+04 2.9000e+02 0.0000e+00
 3.0000e+01 0.0000e+00 6.2180e+03 0.0000e+00 2.7000e+01 8.0000e+00
 1.0500e+02 4.8800e+02 0.0000e+00]","[  59. 1477.  855.  555.  930.  446.  473.  319.  633.  294.  662.  553.
 1237.  985.   46.]"
0.18090452261306533,"[1.2083e+04 6.8000e+02 2.6000e+01 3.3660e+03 1.0600e+02 0.0000e+00
 1.4000e+01 0.0000e+00 1.9450e+03 0.0000e+00 1.0000e+00 3.0000e+00
 4.0000e+01 1.4200e+02 0.0000e+00]","[  330. 17735. 21395.  5151. 21112. 21978. 21909. 22105. 13848. 22130.
 21744. 21859. 21045. 20847. 22378.]","[9.9340e+03 2.4640e+03 1.3500e+02 1.3322e+04 2.6600e+02 0.0000e+00
 2.8000e+01 0.0000e+00 5.9510e+03 0.0000e+00 1.7000e+01 8.0000e+00
 9.4000e+01 4.3600e+02 0.0000e+00]","[  77. 1545.  868.  585.  940.  446.  473.  319.  680.  294.  662.  554.
 1245.  999.   46.]"
0.18592964824120603,"[1.2069e+04 6.4800e+02 6.0000e+00 3.3250e+03 9.7000e+01 0.0000e+00
 1.3000e+01 0.0000e+00 1.9200e+03 0.0000e+00 1.0000e+00 3.0000e+00
 3.5000e+01 1.3000e+02 0.0000e+00]","[  391. 17973. 21470.  5446. 21135. 21978. 21909. 22105. 14080. 22130.
 21751. 21859. 21064. 20897. 22378.]","[9.8730e+03 2.2260e+03 6.0000e+01 1.3027e+04 2.4300e+02 0.0000e+00
 2.8000e+01 0.0000e+00 5.7190e+03 0.0000e+00 1.0000e+01 8.0000e+00
 7.5000e+01 3.8600e+02 0.0000e+00]","[  91. 1577.  888.  626.  949.  446.  474.  319.  705.  294.  662.  554.
 1250. 1011.   46.]"
0.19095477386934673,"[1.2049e+04 5.9700e+02 4.0000e+00 3.2850e+03 9.4000e+01 0.0000e+00
 1.2000e+01 0.0000e+00 1.8830e+03 0.0000e+00 1.0000e+00 3.0000e+00
 3.0000e+01 1.1600e+02 0.0000e+00]","[  470. 18190. 21514.  5731. 21159. 21978. 21911. 22105. 14277. 22130.
 21755. 21859. 21072. 20957. 22378.]","[9.7940e+03 2.0090e+03 1.6000e+01 1.2742e+04 2.1900e+02 0.0000e+00
 2.6000e+01 0.0000e+00 5.5220e+03 0.0000e+00 6.0000e+00 8.0000e+00
 6.7000e+01 3.2600e+02 0.0000e+00]","[ 111. 1628.  890.  666.  952.  446.  475.  319.  742.  294.  662.  554.
 1255. 1025.   46.]"
0.19597989949748743,"[1.2014e+04 5.5800e+02 0.0000e+00 3.2430e+03 8.4000e+01 0.0000e+00
 1.2000e+01 0.0000e+00 1.8490e+03 0.0000e+00 0.0000e+00 3.0000e+00
 2.9000e+01 1.0600e+02 0.0000e+00]","[  554. 18364. 21530.  6010. 21179. 21978. 21914. 22105. 14481. 22130.
 21758. 21859. 21083. 20987. 22378.]","[9.7100e+03 1.8350e+03 0.0000e+00 1.2463e+04 1.9900e+02 0.0000e+00
 2.3000e+01 0.0000e+00 5.3180e+03 0.0000e+00 3.0000e+00 8.0000e+00
 5.6000e+01 2.9600e+02 0.0000e+00]","[ 146. 1667.  894.  708.  962.  446.  475.  319.  776.  294.  663.  554.
 1256. 1035.   46.]"
0.20100502512562815,"[1.198e+04 5.210e+02 0.000e+00 3.201e+03 7.500e+01 0.000e+00 1.200e+01
 0.000e+00 1.826e+03 0.000e+00 0.000e+00 3.000e+00 2.600e+01 9.900e+01
 0.000e+00]","[  639. 18530. 21530.  6269. 21198. 21978. 21915. 22105. 14667. 22130.
 21760. 21859. 21093. 21028. 22378.]","[9.6250e+03 1.6690e+03 0.0000e+00 1.2204e+04 1.8000e+02 0.0000e+00
 2.2000e+01 0.0000e+00 5.1320e+03 0.0000e+00 1.0000e+00 8.0000e+00
 4.6000e+01 2.5500e+02 0.0000e+00]","[ 180. 1704.  894.  750.  971.  446.  475.  319.  799.  294.  663.  554.
 1259. 1042.   46.]"
0.20603015075376885,"[1.1941e+04 4.8800e+02 0.0000e+00 3.1480e+03 7.3000e+01 0.0000e+00
 1.2000e+01 0.0000e+00 1.7880e+03 0.0000e+00 0.0000e+00 3.0000e+00
 2.3000e+01 8.9000e+01 0.0000e+00]","[  749. 18656. 21530.  6567. 21215. 21978. 21917. 22105. 14840. 22130.
 21761. 21860. 21103. 21063. 22378.]","[9.5150e+03 1.5430e+03 0.0000e+00 1.1906e+04 1.6300e+02 0.0000e+00
 2.0000e+01 0.0000e+00 4.9590e+03 0.0000e+00 0.0000e+00 7.0000e+00
 3.6000e+01 2.2000e+02 0.0000e+00]","[ 219. 1737.  894.  803.  973.  446.  475.  319.  837.  294.  663.  554.
 1262. 1052.   46.]"
0.21105527638190955,"[1.190e+04 4.520e+02 0.000e+00 3.109e+03 6.900e+01 0.000e+00 1.100e+01
 0.000e+00 1.763e+03 0.000e+00 0.000e+00 3.000e+00 2.000e+01 8.400e+01
 0.000e+00]","[  863. 18774. 21530.  6852. 21229. 21978. 21918. 22105. 15009. 22130.
 21761. 21861. 21108. 21083. 22378.]","[9.4010e+03 1.4250e+03 0.0000e+00 1.1621e+04 1.4900e+02 0.0000e+00
 1.9000e+01 0.0000e+00 4.7900e+03 0.0000e+00 0.0000e+00 6.0000e+00
 3.1000e+01 2.0000e+02 0.0000e+00]","[ 260. 1773.  894.  842.  977.  446.  476.  319.  862.  294.  663.  554.
 1265. 1057.   46.]"
0.21608040201005024,"[1.1864e+04 4.2000e+02 0.0000e+00 3.0660e+03 6.6000e+01 0.0000e+00
 9.0000e+00 0.0000e+00 1.7390e+03 0.0000e+00 0.0000e+00 2.0000e+00
 1.9000e+01 7.5000e+01 0.0000e+00]","[ 1004. 18908. 21530.  7139. 21241. 21978. 21919. 22105. 15184. 22130.
 21761. 21861. 21110. 21111. 22378.]","[9.2600e+03 1.2910e+03 0.0000e+00 1.1334e+04 1.3700e+02 0.0000e+00
 1.8000e+01 0.0000e+00 4.6150e+03 0.0000e+00 0.0000e+00 6.0000e+00
 2.9000e+01 1.7200e+02 0.0000e+00]","[ 296. 1805.  894.  885.  980.  446.  478.  319.  886.  294.  663.  555.
 1266. 1066.   46.]"
0.22110552763819097,"[1.1819e+04 3.9100e+02 0.0000e+00 3.0170e+03 6.5000e+01 0.0000e+00
 9.0000e+00 0.0000e+00 1.7100e+03 0.0000e+00 0.0000e+00 1.0000e+00
 1.7000e+01 7.3000e+01 0.0000e+00]","[ 1152. 19023. 21530.  7398. 21257. 21978. 21921. 22105. 15328. 22130.
 21761. 21861. 21113. 21141. 22378.]","[9.1120e+03 1.1760e+03 0.0000e+00 1.1075e+04 1.2100e+02 0.0000e+00
 1.6000e+01 0.0000e+00 4.4710e+03 0.0000e+00 0.0000e+00 6.0000e+00
 2.6000e+01 1.4200e+02 0.0000e+00]","[ 341. 1834.  894.  934.  981.  446.  478.  319.  915.  294.  663.  556.
 1268. 1068.   46.]"
0.22613065326633167,"[1.1753e+04 3.6800e+02 0.0000e+00 2.9720e+03 6.2000e+01 0.0000e+00
 9.0000e+00 0.0000e+00 1.6780e+03 0.0000e+00 0.0000e+00 1.0000e+00
 1.7000e+01 6.6000e+01 0.0000e+00]","[ 1328. 19119. 21530.  7680. 21268. 21978. 21922. 22105. 15470. 22130.
 21761. 21861. 21115. 21162. 22378.]","[8.9360e+03 1.0800e+03 0.0000e+00 1.0793e+04 1.1000e+02 0.0000e+00
 1.5000e+01 0.0000e+00 4.3290e+03 0.0000e+00 0.0000e+00 6.0000e+00
 2.4000e+01 1.2100e+02 0.0000e+00]","[ 407. 1857.  894.  979.  984.  446.  478.  319.  947.  294.  663.  556.
 1268. 1075.   46.]"
0.23115577889447236,"[1.1693e+04 3.3300e+02 0.0000e+00 2.9410e+03 6.0000e+01 0.0000e+00
 9.0000e+00 0.0000e+00 1.6510e+03 0.0000e+00 0.0000e+00 1.0000e+00
 1.6000e+01 5.9000e+01 0.0000e+00]","[ 1509. 19207. 21530.  7976. 21275. 21978. 21922. 22105. 15621. 22130.
 21761. 21861. 21118. 21184. 22378.]","[8.7550e+03 9.9200e+02 0.0000e+00 1.0497e+04 1.0300e+02 0.0000e+00
 1.5000e+01 0.0000e+00 4.1780e+03 0.0000e+00 0.0000e+00 6.0000e+00
 2.1000e+01 9.9000e+01 0.0000e+00]","[ 467. 1892.  894. 1010.  986.  446.  478.  319.  974.  294.  663.  556.
 1269. 1082.   46.]"
0.23618090452261306,"[1.1632e+04 3.0900e+02 0.0000e+00 2.9060e+03 5.6000e+01 0.0000e+00
 8.0000e+00 0.0000e+00 1.6260e+03 0.0000e+00 0.0000e+00 1.0000e+00
 1.4000e+01 5.5000e+01 0.0000e+00]","[ 1686. 19269. 21530.  8249. 21281. 21978. 21924. 22105. 15728. 22130.
 21761. 21861. 21120. 21196. 22378.]","[8.5780e+03 9.3000e+02 0.0000e+00 1.0224e+04 9.7000e+01 0.0000e+00
 1.3000e+01 0.0000e+00 4.0710e+03 0.0000e+00 0.0000e+00 6.0000e+00
 1.9000e+01 8.7000e+01 0.0000e+00]","[ 528. 1916.  894. 1045.  990.  446.  479.  319.  999.  294.  663.  556.
 1271. 1086.   46.]"
0.24120603015075376,"[1.1559e+04 2.9200e+02 0.0000e+00 2.8560e+03 5.2000e+01 0.0000e+00
 8.0000e+00 0.0000e+00 1.5890e+03 0.0000e+00 0.0000e+00 1.0000e+00
 1.4000e+01 5.2000e+01 0.0000e+00]","[ 1860. 19353. 21530.  8544. 21291. 21978. 21926. 22105. 15851. 22130.
 21761. 21861. 21122. 21202. 22378.]","[8.404e+03 8.460e+02 0.000e+00 9.929e+03 8.700e+01 0.000e+00 1.100e+01
 0.000e+00 3.948e+03 0.000e+00 0.000e+00 6.000e+00 1.700e+01 8.100e+01
 0.000e+00]","[ 601. 1933.  894. 1095.  994.  446.  479.  319. 1036.  294.  663.  556.
 1271. 1089.   46.]"
0.24623115577889448,"[1.1492e+04 2.6900e+02 0.0000e+00 2.8210e+03 5.2000e+01 0.0000e+00
 8.0000e+00 0.0000e+00 1.5620e+03 0.0000e+00 0.0000e+00 1.0000e+00
 1.4000e+01 5.0000e+01 0.0000e+00]","[ 2039. 19411. 21530.  8845. 21300. 21978. 21927. 22105. 15965. 22130.
 21761. 21861. 21124. 21211. 22378.]","[8.225e+03 7.880e+02 0.000e+00 9.628e+03 7.800e+01 0.000e+00 1.000e+01
 0.000e+00 3.834e+03 0.000e+00 0.000e+00 6.000e+00 1.500e+01 7.200e+01
 0.000e+00]","[ 668. 1956.  894. 1130.  994.  446.  479.  319. 1063.  294.  663.  556.
 1271. 1091.   46.]"
0.25125628140703515,"[1.1422e+04 2.5600e+02 0.0000e+00 2.7700e+03 4.8000e+01 0.0000e+00
 8.0000e+00 0.0000e+00 1.5430e+03 0.0000e+00 0.0000e+00 1.0000e+00
 1.4000e+01 4.9000e+01 0.0000e+00]","[ 2235. 19467. 21530.  9113. 21303. 21978. 21927. 22105. 16063. 22130.
 21761. 21861. 21124. 21222. 22378.]","[8.029e+03 7.320e+02 0.000e+00 9.360e+03 7.500e+01 0.000e+00 1.000e+01
 0.000e+00 3.736e+03 0.000e+00 0.000e+00 6.000e+00 1.500e+01 6.100e+01
 0.000e+00]","[ 738. 1969.  894. 1181.  998.  446.  479.  319. 1082.  294.  663.  556.
 1271. 1092.   46.]"
0.2562814070351759,"[1.1355e+04 2.3400e+02 0.0000e+00 2.7040e+03 4.5000e+01 0.0000e+00
 8.0000e+00 0.0000e+00 1.5220e+03 0.0000e+00 0.0000e+00 1.0000e+00
 1.4000e+01 4.7000e+01 0.0000e+00]","[ 2433. 19522. 21530.  9453. 21312. 21978. 21927. 22105. 16186. 22130.
 21761. 21861. 21124. 21227. 22378.]","[7.831e+03 6.770e+02 0.000e+00 9.020e+03 6.600e+01 0.000e+00 1.000e+01
 0.000e+00 3.613e+03 0.000e+00 0.000e+00 6.000e+00 1.500e+01 5.600e+01
 0.000e+00]","[ 805. 1991.  894. 1247. 1001.  446.  479.  319. 1103.  294.  663.  556.
 1271. 1094.   46.]"
0.2613065326633166,"[1.1277e+04 2.1700e+02 0.0000e+00 2.6400e+03 4.3000e+01 0.0000e+00
 8.0000e+00 0.0000e+00 1.4980e+03 0.0000e+00 0.0000e+00 1.0000e+00
 1.4000e+01 4.5000e+01 0.0000e+00]","[ 2586. 19572. 21530.  9741. 21315. 21978. 21927. 22105. 16295. 22130.
 21761. 21861. 21124. 21234. 22378.]","[7.678e+03 6.270e+02 0.000e+00 8.732e+03 6.300e+01 0.000e+00 1.000e+01
 0.000e+00 3.504e+03 0.000e+00 0.000e+00 6.000e+00 1.500e+01 4.900e+01
 0.000e+00]","[ 883. 2008.  894. 1311. 1003.  446.  479.  319. 1127.  294.  663.  556.
 1271. 1096.   46.]"
0.2663316582914573,"[1.1182e+04 1.9500e+02 0.0000e+00 2.5750e+03 4.0000e+01 0.0000e+00
 8.0000e+00 0.0000e+00 1.4790e+03 0.0000e+00 0.0000e+00 1.0000e+00
 1.2000e+01 4.3000e+01 0.0000e+00]","[ 2764. 19614. 21530. 10079. 21319. 21978. 21928. 22105. 16409. 22130.
 21761. 21861. 21124. 21237. 22378.]","[7.500e+03 5.850e+02 0.000e+00 8.394e+03 5.900e+01 0.000e+00 9.000e+00
 0.000e+00 3.390e+03 0.000e+00 0.000e+00 6.000e+00 1.500e+01 4.600e+01
 0.000e+00]","[ 978. 2030.  894. 1376. 1006.  446.  479.  319. 1146.  294.  663.  556.
 1273. 1098.   46.]"
0.271356783919598,"[1.108e+04 1.730e+02 0.000e+00 2.502e+03 3.700e+01 0.000e+00 7.000e+00
 0.000e+00 1.461e+03 0.000e+00 0.000e+00 1.000e+00 1.200e+01 4.000e+01
 0.000e+00]","[ 2940. 19656. 21530. 10392. 21320. 21978. 21929. 22105. 16527. 22130.
 21761. 21861. 21124. 21240. 22378.]","[7.324e+03 5.430e+02 0.000e+00 8.081e+03 5.800e+01 0.000e+00 8.000e+00
 0.000e+00 3.272e+03 0.000e+00 0.000e+00 6.000e+00 1.500e+01 4.300e+01
 0.000e+00]","[1080. 2052.  894. 1449. 1009.  446.  480.  319. 1164.  294.  663.  556.
 1273. 1101.   46.]"
0.27638190954773867,"[1.0986e+04 1.6200e+02 0.0000e+00 2.4380e+03 3.6000e+01 0.0000e+00
 7.0000e+00 0.0000e+00 1.4430e+03 0.0000e+00 0.0000e+00 1.0000e+00
 1.0000e+01 3.8000e+01 0.0000e+00]","[ 3075. 19696. 21530. 10719. 21327. 21978. 21929. 22105. 16631. 22130.
 21761. 21861. 21126. 21246. 22378.]","[7.189e+03 5.030e+02 0.000e+00 7.754e+03 5.100e+01 0.000e+00 8.000e+00
 0.000e+00 3.168e+03 0.000e+00 0.000e+00 6.000e+00 1.300e+01 3.700e+01
 0.000e+00]","[1174. 2063.  894. 1513. 1010.  446.  480.  319. 1182.  294.  663.  556.
 1275. 1103.   46.]"
0.2814070351758794,"[1.0888e+04 1.4700e+02 0.0000e+00 2.3570e+03 3.4000e+01 0.0000e+00
 7.0000e+00 0.0000e+00 1.4210e+03 0.0000e+00 0.0000e+00 1.0000e+00
 1.0000e+01 3.7000e+01 0.0000e+00]","[ 3224. 19737. 21530. 11054. 21329. 21978. 21929. 22105. 16718. 22130.
 21761. 21861. 21128. 21251. 22378.]","[7.040e+03 4.620e+02 0.000e+00 7.419e+03 4.900e+01 0.000e+00 8.000e+00
 0.000e+00 3.081e+03 0.000e+00 0.000e+00 6.000e+00 1.100e+01 3.200e+01
 0.000e+00]","[1272. 2078.  894. 1594. 1012.  446.  480.  319. 1204.  294.  663.  556.
 1275. 1104.   46.]"
0.2864321608040201,"[1.0785e+04 1.2900e+02 0.0000e+00 2.2750e+03 3.3000e+01 0.0000e+00
 7.0000e+00 0.0000e+00 1.3970e+03 0.0000e+00 0.0000e+00 1.0000e+00
 1.0000e+01 3.5000e+01 0.0000e+00]","[ 3412. 19787. 21530. 11402. 21334. 21978. 21930. 22105. 16817. 22130.
 21761. 21861. 21130. 21252. 22378.]","[6.852e+03 4.120e+02 0.000e+00 7.071e+03 4.400e+01 0.000e+00 7.000e+00
 0.000e+00 2.982e+03 0.000e+00 0.000e+00 6.000e+00 9.000e+00 3.100e+01
 0.000e+00]","[1375. 2096.  894. 1676. 1013.  446.  480.  319. 1228.  294.  663.  556.
 1275. 1106.   46.]"
0.2914572864321608,"[1.0667e+04 1.2100e+02 0.0000e+00 2.2140e+03 3.2000e+01 0.0000e+00
 7.0000e+00 0.0000e+00 1.3840e+03 0.0000e+00 0.0000e+00 1.0000e+00
 8.0000e+00 3.4000e+01 0.0000e+00]","[ 3604. 19827. 21530. 11721. 21339. 21978. 21930. 22105. 16916. 22130.
 21761. 21861. 21131. 21255. 22378.]","[6.660e+03 3.720e+02 0.000e+00 6.752e+03 3.900e+01 0.000e+00 7.000e+00
 0.000e+00 2.883e+03 0.000e+00 0.000e+00 6.000e+00 8.000e+00 2.800e+01
 0.000e+00]","[1493. 2104.  894. 1737. 1014.  446.  480.  319. 1241.  294.  663.  556.
 1277. 1107.   46.]"
0.2964824120603015,"[1.051e+04 1.080e+02 0.000e+00 2.164e+03 3.100e+01 0.000e+00 7.000e+00
 0.000e+00 1.363e+03 0.000e+00 0.000e+00 1.000e+00 8.000e+00 3.200e+01
 0.000e+00]","[ 3827. 19856. 21530. 12007. 21343. 21978. 21930. 22105. 16997. 22130.
 21761. 21861. 21132. 21255. 22378.]","[6.437e+03 3.430e+02 0.000e+00 6.466e+03 3.500e+01 0.000e+00 7.000e+00
 0.000e+00 2.802e+03 0.000e+00 0.000e+00 6.000e+00 7.000e+00 2.800e+01
 0.000e+00]","[1650. 2117.  894. 1787. 1015.  446.  480.  319. 1262.  294.  663.  556.
 1277. 1109.   46.]"
0.3015075376884422,"[1.0381e+04 1.0300e+02 0.0000e+00 2.0980e+03 3.0000e+01 0.0000e+00
 7.0000e+00 0.0000e+00 1.3450e+03 0.0000e+00 0.0000e+00 1.0000e+00
 8.0000e+00 3.2000e+01 0.0000e+00]","[ 4031. 19889. 21530. 12300. 21347. 21978. 21930. 22105. 17075. 22130.
 21761. 21862. 21132. 21255. 22378.]","[6.233e+03 3.100e+02 0.000e+00 6.173e+03 3.100e+01 0.000e+00 7.000e+00
 0.000e+00 2.724e+03 0.000e+00 0.000e+00 5.000e+00 7.000e+00 2.800e+01
 0.000e+00]","[1779. 2122.  894. 1853. 1016.  446.  480.  319. 1280.  294.  663.  556.
 1277. 1109.   46.]"
0.3065326633165829,"[1.0226e+04 9.0000e+01 0.0000e+00 2.0180e+03 2.7000e+01 0.0000e+00
 7.0000e+00 0.0000e+00 1.3290e+03 0.0000e+00 0.0000e+00 1.0000e+00
 8.0000e+00 3.0000e+01 0.0000e+00]","[ 4274. 19914. 21530. 12577. 21349. 21978. 21931. 22105. 17172. 22130.
 21761. 21863. 21132. 21255. 22378.]","[5.990e+03 2.850e+02 0.000e+00 5.896e+03 2.900e+01 0.000e+00 6.000e+00
 0.000e+00 2.627e+03 0.000e+00 0.000e+00 4.000e+00 7.000e+00 2.800e+01
 0.000e+00]","[1934. 2135.  894. 1933. 1019.  446.  480.  319. 1296.  294.  663.  556.
 1277. 1111.   46.]"
0.31155778894472363,"[1.0075e+04 8.7000e+01 0.0000e+00 1.9720e+03 2.5000e+01 0.0000e+00
 5.0000e+00 0.0000e+00 1.3130e+03 0.0000e+00 0.0000e+00 1.0000e+00
 8.0000e+00 2.9000e+01 0.0000e+00]","[ 4495. 19939. 21530. 12820. 21351. 21978. 21931. 22105. 17263. 22130.
 21761. 21863. 21133. 21256. 22378.]","[5.769e+03 2.600e+02 0.000e+00 5.653e+03 2.700e+01 0.000e+00 6.000e+00
 0.000e+00 2.536e+03 0.000e+00 0.000e+00 4.000e+00 6.000e+00 2.700e+01
 0.000e+00]","[2085. 2138.  894. 1979. 1021.  446.  482.  319. 1312.  294.  663.  556.
 1277. 1112.   46.]"
0.3165829145728643,"[9.942e+03 8.200e+01 0.000e+00 1.904e+03 2.400e+01 0.000e+00 5.000e+00
 0.000e+00 1.285e+03 0.000e+00 0.000e+00 1.000e+00 8.000e+00 2.900e+01
 0.000e+00]","[ 4726. 19963. 21530. 13066. 21356. 21978. 21931. 22105. 17356. 22130.
 21761. 21864. 21133. 21257. 22378.]","[5.538e+03 2.360e+02 0.000e+00 5.407e+03 2.200e+01 0.000e+00 6.000e+00
 0.000e+00 2.443e+03 0.000e+00 0.000e+00 3.000e+00 6.000e+00 2.600e+01
 0.000e+00]","[2218. 2143.  894. 2047. 1022.  446.  482.  319. 1340.  294.  663.  556.
 1277. 1112.   46.]"
0.32160804020100503,"[9.782e+03 7.900e+01 0.000e+00 1.844e+03 2.400e+01 0.000e+00 5.000e+00
 0.000e+00 1.264e+03 0.000e+00 0.000e+00 1.000e+00 8.000e+00 2.800e+01
 0.000e+00]","[ 4954. 19985. 21530. 13334. 21356. 21978. 21931. 22105. 17432. 22130.
 21761. 21864. 21133. 21259. 22378.]","[5.310e+03 2.140e+02 0.000e+00 5.139e+03 2.200e+01 0.000e+00 6.000e+00
 0.000e+00 2.367e+03 0.000e+00 0.000e+00 3.000e+00 6.000e+00 2.400e+01
 0.000e+00]","[2378. 2146.  894. 2107. 1022.  446.  482.  319. 1361.  294.  663.  556.
 1277. 1113.   46.]"
0.32663316582914576,"[9.632e+03 6.900e+01 0.000e+00 1.781e+03 2.300e+01 0.000e+00 5.000e+00
 0.000e+00 1.243e+03 0.000e+00 0.000e+00 1.000e+00 7.000e+00 2.500e+01
 0.000e+00]","[ 5156. 20014. 21530. 13575. 21357. 21978. 21932. 22105. 17514. 22130.
 21761. 21864. 21135. 21262. 22378.]","[5.108e+03 1.850e+02 0.000e+00 4.898e+03 2.100e+01 0.000e+00 5.000e+00
 0.000e+00 2.285e+03 0.000e+00 0.000e+00 3.000e+00 4.000e+00 2.100e+01
 0.000e+00]","[2528. 2156.  894. 2170. 1023.  446.  482.  319. 1382.  294.  663.  556.
 1278. 1116.   46.]"
0.3316582914572864,"[9.507e+03 5.900e+01 0.000e+00 1.722e+03 2.200e+01 0.000e+00 5.000e+00
 0.000e+00 1.222e+03 0.000e+00 0.000e+00 1.000e+00 7.000e+00 2.300e+01
 0.000e+00]","[ 5334. 20034. 21530. 13818. 21357. 21978. 21933. 22105. 17590. 22130.
 21761. 21864. 21136. 21262. 22378.]","[4.930e+03 1.650e+02 0.000e+00 4.655e+03 2.100e+01 0.000e+00 4.000e+00
 0.000e+00 2.209e+03 0.000e+00 0.000e+00 3.000e+00 3.000e+00 2.100e+01
 0.000e+00]","[2653. 2166.  894. 2229. 1024.  446.  482.  319. 1403.  294.  663.  556.
 1278. 1118.   46.]"
0.33668341708542715,"[9.378e+03 5.600e+01 0.000e+00 1.671e+03 2.200e+01 0.000e+00 5.000e+00
 0.000e+00 1.204e+03 0.000e+00 0.000e+00 1.000e+00 7.000e+00 2.300e+01
 0.000e+00]","[ 5484. 20057. 21530. 14042. 21357. 21978. 21933. 22105. 17677. 22130.
 21761. 21864. 21136. 21262. 22378.]","[4.780e+03 1.420e+02 0.000e+00 4.431e+03 2.100e+01 0.000e+00 4.000e+00
 0.000e+00 2.122e+03 0.000e+00 0.000e+00 3.000e+00 3.000e+00 2.100e+01
 0.000e+00]","[2782. 2169.  894. 2280. 1024.  446.  482.  319. 1421.  294.  663.  556.
 1278. 1118.   46.]"
0.3417085427135678,"[9.256e+03 5.000e+01 0.000e+00 1.624e+03 2.100e+01 0.000e+00 5.000e+00
 0.000e+00 1.179e+03 0.000e+00 0.000e+00 1.000e+00 6.000e+00 2.300e+01
 0.000e+00]","[ 5646. 20078. 21530. 14252. 21360. 21978. 21933. 22105. 17753. 22130.
 21761. 21864. 21136. 21262. 22378.]","[4.618e+03 1.210e+02 0.000e+00 4.221e+03 1.800e+01 0.000e+00 4.000e+00
 0.000e+00 2.046e+03 0.000e+00 0.000e+00 3.000e+00 3.000e+00 2.100e+01
 0.000e+00]","[2904. 2175.  894. 2327. 1025.  446.  482.  319. 1446.  294.  663.  556.
 1279. 1118.   46.]"
0.34673366834170855,"[9.136e+03 4.400e+01 0.000e+00 1.573e+03 2.100e+01 0.000e+00 5.000e+00
 0.000e+00 1.159e+03 0.000e+00 0.000e+00 0.000e+00 6.000e+00 2.200e+01
 0.000e+00]","[ 5824. 20099. 21530. 14490. 21361. 21978. 21933. 22105. 17821. 22130.
 21761. 21864. 21137. 21262. 22378.]","[4.440e+03 1.000e+02 0.000e+00 3.983e+03 1.700e+01 0.000e+00 4.000e+00
 0.000e+00 1.978e+03 0.000e+00 0.000e+00 3.000e+00 2.000e+00 2.100e+01
 0.000e+00]","[3024. 2181.  894. 2378. 1025.  446.  482.  319. 1466.  294.  663.  557.
 1279. 1119.   46.]"
0.35175879396984927,"[8.995e+03 3.800e+01 0.000e+00 1.514e+03 2.100e+01 0.000e+00 5.000e+00
 0.000e+00 1.143e+03 0.000e+00 0.000e+00 0.000e+00 6.000e+00 2.200e+01
 0.000e+00]","[ 5954. 20116. 21530. 14712. 21362. 21978. 21934. 22105. 17899. 22130.
 21761. 21864. 21137. 21263. 22378.]","[4.310e+03 8.300e+01 0.000e+00 3.761e+03 1.600e+01 0.000e+00 3.000e+00
 0.000e+00 1.900e+03 0.000e+00 0.000e+00 3.000e+00 2.000e+00 2.000e+01
 0.000e+00]","[3165. 2187.  894. 2437. 1025.  446.  482.  319. 1482.  294.  663.  557.
 1279. 1119.   46.]"
0.35678391959798994,"[8.857e+03 2.700e+01 0.000e+00 1.436e+03 2.100e+01 0.000e+00 5.000e+00
 0.000e+00 1.128e+03 0.000e+00 0.000e+00 0.000e+00 6.000e+00 2.100e+01
 0.000e+00]","[ 6092. 20131. 21530. 14906. 21363. 21978. 21934. 22105. 17953. 22130.
 21761. 21864. 21137. 21265. 22378.]","[4.172e+03 6.800e+01 0.000e+00 3.567e+03 1.500e+01 0.000e+00 3.000e+00
 0.000e+00 1.846e+03 0.000e+00 0.000e+00 3.000e+00 2.000e+00 1.800e+01
 0.000e+00]","[3303. 2198.  894. 2515. 1025.  446.  482.  319. 1497.  294.  663.  557.
 1279. 1120.   46.]"
0.36180904522613067,"[8.734e+03 1.800e+01 0.000e+00 1.364e+03 2.100e+01 0.000e+00 5.000e+00
 0.000e+00 1.110e+03 0.000e+00 0.000e+00 0.000e+00 5.000e+00 1.900e+01
 0.000e+00]","[ 6231. 20142. 21530. 15116. 21363. 21978. 21934. 22105. 18007. 22130.
 21761. 21865. 21137. 21266. 22378.]","[4.033e+03 5.700e+01 0.000e+00 3.357e+03 1.500e+01 0.000e+00 3.000e+00
 0.000e+00 1.792e+03 0.000e+00 0.000e+00 2.000e+00 2.000e+00 1.700e+01
 0.000e+00]","[3426. 2207.  894. 2587. 1025.  446.  482.  319. 1515.  294.  663.  557.
 1280. 1122.   46.]"
0.36683417085427134,"[8.613e+03 1.600e+01 0.000e+00 1.302e+03 2.000e+01 0.000e+00 5.000e+00
 0.000e+00 1.086e+03 0.000e+00 0.000e+00 0.000e+00 5.000e+00 1.600e+01
 0.000e+00]","[ 6333. 20158. 21530. 15314. 21363. 21978. 21934. 22105. 18065. 22130.
 21761. 21866. 21137. 21266. 22378.]","[3.931e+03 4.100e+01 0.000e+00 3.159e+03 1.500e+01 0.000e+00 3.000e+00
 0.000e+00 1.734e+03 0.000e+00 0.000e+00 1.000e+00 2.000e+00 1.700e+01
 0.000e+00]","[3547. 2209.  894. 2649. 1026.  446.  482.  319. 1539.  294.  663.  557.
 1280. 1125.   46.]"
0.37185929648241206,"[8.481e+03 1.300e+01 0.000e+00 1.248e+03 1.800e+01 0.000e+00 5.000e+00
 0.000e+00 1.066e+03 0.000e+00 0.000e+00 0.000e+00 3.000e+00 1.600e+01
 0.000e+00]","[ 6482. 20168. 21530. 15527. 21364. 21978. 21934. 22105. 18111. 22130.
 21761. 21866. 21137. 21267. 22378.]","[3.782e+03 3.100e+01 0.000e+00 2.946e+03 1.400e+01 0.000e+00 3.000e+00
 0.000e+00 1.688e+03 0.000e+00 0.000e+00 1.000e+00 2.000e+00 1.600e+01
 0.000e+00]","[3679. 2212.  894. 2703. 1028.  446.  482.  319. 1559.  294.  663.  557.
 1282. 1125.   46.]"
0.3768844221105528,"[8.358e+03 1.200e+01 0.000e+00 1.172e+03 1.800e+01 0.000e+00 5.000e+00
 0.000e+00 1.050e+03 0.000e+00 0.000e+00 0.000e+00 2.000e+00 1.400e+01
 0.000e+00]","[ 6583. 20173. 21530. 15704. 21366. 21978. 21934. 22105. 18160. 22130.
 21761. 21866. 21138. 21267. 22378.]","[3.681e+03 2.600e+01 0.000e+00 2.769e+03 1.200e+01 0.000e+00 3.000e+00
 0.000e+00 1.639e+03 0.000e+00 0.000e+00 1.000e+00 1.000e+00 1.600e+01
 0.000e+00]","[3802. 2213.  894. 2779. 1028.  446.  482.  319. 1575.  294.  663.  557.
 1283. 1127.   46.]"
0.38190954773869346,"[8.212e+03 1.200e+01 0.000e+00 1.099e+03 1.800e+01 0.000e+00 5.000e+00
 0.000e+00 1.023e+03 0.000e+00 0.000e+00 0.000e+00 2.000e+00 1.300e+01
 0.000e+00]","[ 6692. 20180. 21530. 15905. 21369. 21978. 21935. 22105. 18207. 22130.
 21761. 21866. 21138. 21268. 22378.]","[3.572e+03 1.900e+01 0.000e+00 2.568e+03 9.000e+00 0.000e+00 2.000e+00
 0.000e+00 1.592e+03 0.000e+00 0.000e+00 1.000e+00 1.000e+00 1.500e+01
 0.000e+00]","[3948. 2213.  894. 2852. 1028.  446.  482.  319. 1602.  294.  663.  557.
 1283. 1128.   46.]"
0.3869346733668342,"[8.092e+03 1.000e+01 0.000e+00 1.045e+03 1.700e+01 0.000e+00 5.000e+00
 0.000e+00 1.009e+03 0.000e+00 0.000e+00 0.000e+00 2.000e+00 1.300e+01
 0.000e+00]","[ 6818. 20184. 21530. 16092. 21369. 21978. 21935. 22105. 18266. 22130.
 21761. 21866. 21138. 21268. 22378.]","[3.446e+03 1.500e+01 0.000e+00 2.381e+03 9.000e+00 0.000e+00 2.000e+00
 0.000e+00 1.533e+03 0.000e+00 0.000e+00 1.000e+00 1.000e+00 1.500e+01
 0.000e+00]","[4068. 2215.  894. 2906. 1029.  446.  482.  319. 1616.  294.  663.  557.
 1283. 1128.   46.]"
0.39195979899497485,"[7.947e+03 8.000e+00 0.000e+00 9.830e+02 1.600e+01 0.000e+00 5.000e+00
 0.000e+00 9.930e+02 0.000e+00 0.000e+00 0.000e+00 1.000e+00 1.200e+01
 0.000e+00]","[ 6927. 20185. 21530. 16265. 21371. 21978. 21935. 22105. 18316. 22130.
 21761. 21866. 21138. 21268. 22378.]","[3.337e+03 1.400e+01 0.000e+00 2.208e+03 7.000e+00 0.000e+00 2.000e+00
 0.000e+00 1.483e+03 0.000e+00 0.000e+00 1.000e+00 1.000e+00 1.500e+01
 0.000e+00]","[4213. 2217.  894. 2968. 1030.  446.  482.  319. 1632.  294.  663.  557.
 1284. 1129.   46.]"
0.3969849246231156,"[7.792e+03 6.000e+00 0.000e+00 9.210e+02 1.400e+01 0.000e+00 5.000e+00
 0.000e+00 9.680e+02 0.000e+00 0.000e+00 0.000e+00 1.000e+00 1.100e+01
 0.000e+00]","[ 7048. 20188. 21530. 16437. 21371. 21978. 21935. 22105. 18367. 22130.
 21761. 21866. 21138. 21270. 22378.]","[3.216e+03 1.100e+01 0.000e+00 2.036e+03 7.000e+00 0.000e+00 2.000e+00
 0.000e+00 1.432e+03 0.000e+00 0.000e+00 1.000e+00 1.000e+00 1.300e+01
 0.000e+00]","[4368. 2219.  894. 3030. 1032.  446.  482.  319. 1657.  294.  663.  557.
 1284. 1130.   46.]"
0.4020100502512563,"[7.643e+03 6.000e+00 0.000e+00 8.500e+02 1.300e+01 0.000e+00 5.000e+00
 0.000e+00 9.490e+02 0.000e+00 0.000e+00 0.000e+00 1.000e+00 1.100e+01
 0.000e+00]","[ 7160. 20191. 21530. 16594. 21371. 21978. 21935. 22105. 18416. 22130.
 21761. 21866. 21138. 21271. 22378.]","[3.104e+03 8.000e+00 0.000e+00 1.879e+03 7.000e+00 0.000e+00 2.000e+00
 0.000e+00 1.383e+03 0.000e+00 0.000e+00 1.000e+00 1.000e+00 1.200e+01
 0.000e+00]","[4517. 2219.  894. 3101. 1033.  446.  482.  319. 1676.  294.  663.  557.
 1284. 1130.   46.]"
0.40703517587939697,"[7.491e+03 4.000e+00 0.000e+00 7.860e+02 1.300e+01 0.000e+00 5.000e+00
 0.000e+00 9.290e+02 0.000e+00 0.000e+00 0.000e+00 1.000e+00 1.000e+01
 0.000e+00]","[ 7273. 20192. 21530. 16774. 21371. 21978. 21935. 22105. 18469. 22130.
 21761. 21866. 21138. 21271. 22378.]","[2.991e+03 7.000e+00 0.000e+00 1.699e+03 7.000e+00 0.000e+00 2.000e+00
 0.000e+00 1.330e+03 0.000e+00 0.000e+00 1.000e+00 1.000e+00 1.200e+01
 0.000e+00]","[4669. 2221.  894. 3165. 1033.  446.  482.  319. 1696.  294.  663.  557.
 1284. 1131.   46.]"
0.4120603015075377,"[7.339e+03 4.000e+00 0.000e+00 7.200e+02 1.300e+01 0.000e+00 4.000e+00
 0.000e+00 9.130e+02 0.000e+00 0.000e+00 0.000e+00 1.000e+00 1.000e+01
 0.000e+00]","[ 7364. 20193. 21530. 16929. 21371. 21978. 21935. 22105. 18517. 22130.
 21761. 21866. 21138. 21271. 22378.]","[2.900e+03 6.000e+00 0.000e+00 1.544e+03 7.000e+00 0.000e+00 2.000e+00
 0.000e+00 1.282e+03 0.000e+00 0.000e+00 1.000e+00 1.000e+00 1.200e+01
 0.000e+00]","[4821. 2221.  894. 3231. 1033.  446.  483.  319. 1712.  294.  663.  557.
 1284. 1131.   46.]"
0.41708542713567837,"[7.191e+03 4.000e+00 0.000e+00 6.470e+02 1.300e+01 0.000e+00 4.000e+00
 0.000e+00 8.830e+02 0.000e+00 0.000e+00 0.000e+00 1.000e+00 8.000e+00
 0.000e+00]","[ 7452. 20194. 21530. 17099. 21371. 21978. 21935. 22105. 18570. 22130.
 21761. 21866. 21138. 21273. 22378.]","[2.812e+03 5.000e+00 0.000e+00 1.374e+03 7.000e+00 0.000e+00 2.000e+00
 0.000e+00 1.229e+03 0.000e+00 0.000e+00 1.000e+00 1.000e+00 1.000e+01
 0.000e+00]","[4969. 2221.  894. 3304. 1033.  446.  483.  319. 1742.  294.  663.  557.
 1284. 1133.   46.]"
0.4221105527638191,"[7.058e+03 4.000e+00 0.000e+00 5.760e+02 1.100e+01 0.000e+00 4.000e+00
 0.000e+00 8.660e+02 0.000e+00 0.000e+00 0.000e+00 0.000e+00 8.000e+00
 0.000e+00]","[ 7572. 20195. 21530. 17235. 21371. 21978. 21935. 22105. 18615. 22130.
 21761. 21866. 21138. 21273. 22378.]","[2.692e+03 4.000e+00 0.000e+00 1.238e+03 7.000e+00 0.000e+00 2.000e+00
 0.000e+00 1.184e+03 0.000e+00 0.000e+00 1.000e+00 1.000e+00 1.000e+01
 0.000e+00]","[5102. 2221.  894. 3375. 1035.  446.  483.  319. 1759.  294.  663.  557.
 1285. 1133.   46.]"
0.4271356783919598,"[6.911e+03 3.000e+00 0.000e+00 5.160e+02 1.100e+01 0.000e+00 4.000e+00
 0.000e+00 8.500e+02 0.000e+00 0.000e+00 0.000e+00 0.000e+00 8.000e+00
 0.000e+00]","[ 7651. 20196. 21530. 17391. 21371. 21978. 21935. 22105. 18679. 22130.
 21761. 21866. 21138. 21275. 22378.]","[2.613e+03 3.000e+00 0.000e+00 1.082e+03 7.000e+00 0.000e+00 2.000e+00
 0.000e+00 1.120e+03 0.000e+00 0.000e+00 1.000e+00 1.000e+00 8.000e+00
 0.000e+00]","[5249. 2222.  894. 3435. 1035.  446.  483.  319. 1775.  294.  663.  557.
 1285. 1133.   46.]"
0.4321608040201005,"[6.757e+03 3.000e+00 0.000e+00 4.530e+02 1.000e+01 0.000e+00 4.000e+00
 0.000e+00 8.370e+02 0.000e+00 0.000e+00 0.000e+00 0.000e+00 8.000e+00
 0.000e+00]","[ 7736. 20198. 21530. 17512. 21371. 21978. 21935. 22105. 18725. 22130.
 21761. 21866. 21139. 21275. 22378.]","[2.528e+03 1.000e+00 0.000e+00 9.610e+02 7.000e+00 0.000e+00 2.000e+00
 0.000e+00 1.074e+03 0.000e+00 0.000e+00 1.000e+00 0.000e+00 8.000e+00
 0.000e+00]","[5403. 2222.  894. 3498. 1036.  446.  483.  319. 1788.  294.  663.  557.
 1285. 1133.   46.]"
0.4371859296482412,"[6.608e+03 3.000e+00 0.000e+00 3.910e+02 1.000e+01 0.000e+00 4.000e+00
 0.000e+00 8.220e+02 0.000e+00 0.000e+00 0.000e+00 0.000e+00 8.000e+00
 0.000e+00]","[ 7832. 20199. 21530. 17622. 21372. 21978. 21936. 22105. 18780. 22130.
 21761. 21866. 21139. 21275. 22378.]","[2.432e+03 0.000e+00 0.000e+00 8.510e+02 6.000e+00 0.000e+00 1.000e+00
 0.000e+00 1.019e+03 0.000e+00 0.000e+00 1.000e+00 0.000e+00 8.000e+00
 0.000e+00]","[5552. 2222.  894. 3560. 1036.  446.  483.  319. 1803.  294.  663.  557.
 1285. 1133.   46.]"
0.44221105527638194,"[6.498e+03 1.000e+00 0.000e+00 3.460e+02 9.000e+00 0.000e+00 4.000e+00
 0.000e+00 8.020e+02 0.000e+00 0.000e+00 0.000e+00 0.000e+00 6.000e+00
 0.000e+00]","[ 7915. 20199. 21530. 17739. 21373. 21978. 21936. 22105. 18812. 22130.
 21761. 21866. 21139. 21275. 22378.]","[2.349e+03 0.000e+00 0.000e+00 7.340e+02 5.000e+00 0.000e+00 1.000e+00
 0.000e+00 9.870e+02 0.000e+00 0.000e+00 1.000e+00 0.000e+00 8.000e+00
 0.000e+00]","[5662. 2224.  894. 3605. 1037.  446.  483.  319. 1823.  294.  663.  557.
 1285. 1135.   46.]"
0.4472361809045226,"[6.37e+03 0.00e+00 0.00e+00 2.94e+02 8.00e+00 0.00e+00 3.00e+00 0.00e+00
 7.90e+02 0.00e+00 0.00e+00 0.00e+00 0.00e+00 6.00e+00 0.00e+00]","[ 7999. 20199. 21530. 17834. 21373. 21978. 21936. 22105. 18842. 22130.
 21761. 21866. 21139. 21275. 22378.]","[2.265e+03 0.000e+00 0.000e+00 6.390e+02 5.000e+00 0.000e+00 1.000e+00
 0.000e+00 9.570e+02 0.000e+00 0.000e+00 1.000e+00 0.000e+00 8.000e+00
 0.000e+00]","[5790. 2225.  894. 3657. 1038.  446.  484.  319. 1835.  294.  663.  557.
 1285. 1135.   46.]"
0.45226130653266333,"[6.231e+03 0.000e+00 0.000e+00 2.510e+02 8.000e+00 0.000e+00 3.000e+00
 0.000e+00 7.750e+02 0.000e+00 0.000e+00 0.000e+00 0.000e+00 5.000e+00
 0.000e+00]","[ 8072. 20199. 21530. 17920. 21374. 21978. 21936. 22105. 18882. 22130.
 21761. 21866. 21139. 21275. 22378.]","[2.192e+03 0.000e+00 0.000e+00 5.530e+02 4.000e+00 0.000e+00 1.000e+00
 0.000e+00 9.170e+02 0.000e+00 0.000e+00 1.000e+00 0.000e+00 8.000e+00
 0.000e+00]","[5929. 2225.  894. 3700. 1038.  446.  484.  319. 1850.  294.  663.  557.
 1285. 1136.   46.]"
0.457286432160804,"[6.105e+03 0.000e+00 0.000e+00 2.110e+02 8.000e+00 0.000e+00 3.000e+00
 0.000e+00 7.580e+02 0.000e+00 0.000e+00 0.000e+00 0.000e+00 4.000e+00
 0.000e+00]","[ 8155. 20199. 21530. 18001. 21374. 21978. 21937. 22105. 18917. 22130.
 21761. 21866. 21139. 21277. 22378.]","[2.109e+03 0.000e+00 0.000e+00 4.720e+02 4.000e+00 0.000e+00 0.000e+00
 0.000e+00 8.820e+02 0.000e+00 0.000e+00 1.000e+00 0.000e+00 6.000e+00
 0.000e+00]","[6055. 2225.  894. 3740. 1038.  446.  484.  319. 1867.  294.  663.  557.
 1285. 1137.   46.]"
0.4623115577889447,"[5.979e+03 0.000e+00 0.000e+00 1.770e+02 8.000e+00 0.000e+00 3.000e+00
 0.000e+00 7.370e+02 0.000e+00 0.000e+00 0.000e+00 0.000e+00 3.000e+00
 0.000e+00]","[ 8229. 20199. 21530. 18084. 21374. 21978. 21937. 22105. 18945. 22130.
 21761. 21866. 21139. 21278. 22378.]","[2.035e+03 0.000e+00 0.000e+00 3.890e+02 4.000e+00 0.000e+00 0.000e+00
 0.000e+00 8.540e+02 0.000e+00 0.000e+00 1.000e+00 0.000e+00 5.000e+00
 0.000e+00]","[6181. 2225.  894. 3774. 1038.  446.  484.  319. 1888.  294.  663.  557.
 1285. 1138.   46.]"
0.46733668341708545,"[5.859e+03 0.000e+00 0.000e+00 1.460e+02 8.000e+00 0.000e+00 3.000e+00
 0.000e+00 7.170e+02 0.000e+00 0.000e+00 0.000e+00 0.000e+00 3.000e+00
 0.000e+00]","[ 8310. 20199. 21530. 18147. 21374. 21978. 21937. 22105. 18978. 22130.
 21761. 21866. 21139. 21280. 22378.]","[1.954e+03 0.000e+00 0.000e+00 3.260e+02 4.000e+00 0.000e+00 0.000e+00
 0.000e+00 8.210e+02 0.000e+00 0.000e+00 1.000e+00 0.000e+00 3.000e+00
 0.000e+00]","[6301. 2225.  894. 3805. 1038.  446.  484.  319. 1908.  294.  663.  557.
 1285. 1138.   46.]"
0.4723618090452261,"[5.715e+03 0.000e+00 0.000e+00 1.210e+02 7.000e+00 0.000e+00 3.000e+00
 0.000e+00 7.020e+02 0.000e+00 0.000e+00 0.000e+00 0.000e+00 2.000e+00
 0.000e+00]","[ 8385. 20199. 21530. 18204. 21374. 21978. 21937. 22105. 19008. 22130.
 21761. 21866. 21139. 21280. 22378.]","[1.879e+03 0.000e+00 0.000e+00 2.690e+02 4.000e+00 0.000e+00 0.000e+00
 0.000e+00 7.910e+02 0.000e+00 0.000e+00 1.000e+00 0.000e+00 3.000e+00
 0.000e+00]","[6445. 2225.  894. 3830. 1039.  446.  484.  319. 1923.  294.  663.  557.
 1285. 1139.   46.]"
0.47738693467336685,"[5.595e+03 0.000e+00 0.000e+00 1.000e+02 7.000e+00 0.000e+00 3.000e+00
 0.000e+00 6.850e+02 0.000e+00 0.000e+00 0.000e+00 0.000e+00 2.000e+00
 0.000e+00]","[ 8454. 20199. 21530. 18276. 21374. 21978. 21937. 22105. 19043. 22130.
 21761. 21866. 21139. 21280. 22378.]","[1.81e+03 0.00e+00 0.00e+00 1.97e+02 4.00e+00 0.00e+00 0.00e+00 0.00e+00
 7.56e+02 0.00e+00 0.00e+00 1.00e+00 0.00e+00 3.00e+00 0.00e+00]","[6565. 2225.  894. 3851. 1039.  446.  484.  319. 1940.  294.  663.  557.
 1285. 1139.   46.]"
0.4824120603015075,"[5.487e+03 0.000e+00 0.000e+00 7.800e+01 7.000e+00 0.000e+00 3.000e+00
 0.000e+00 6.740e+02 0.000e+00 0.000e+00 0.000e+00 0.000e+00 2.000e+00
 0.000e+00]","[ 8511. 20199. 21530. 18327. 21374. 21978. 21937. 22105. 19073. 22130.
 21761. 21866. 21139. 21281. 22378.]","[1.753e+03 0.000e+00 0.000e+00 1.460e+02 4.000e+00 0.000e+00 0.000e+00
 0.000e+00 7.260e+02 0.000e+00 0.000e+00 1.000e+00 0.000e+00 2.000e+00
 0.000e+00]","[6673. 2225.  894. 3873. 1039.  446.  484.  319. 1951.  294.  663.  557.
 1285. 1139.   46.]"
0.48743718592964824,"[5.37e+03 0.00e+00 0.00e+00 5.60e+01 6.00e+00 0.00e+00 3.00e+00 0.00e+00
 6.53e+02 0.00e+00 0.00e+00 0.00e+00 0.00e+00 2.00e+00 0.00e+00]","[ 8568. 20199. 21530. 18365. 21374. 21978. 21937. 22105. 19097. 22130.
 21761. 21866. 21139. 21281. 22378.]","[1.696e+03 0.000e+00 0.000e+00 1.080e+02 4.000e+00 0.000e+00 0.000e+00
 0.000e+00 7.020e+02 0.000e+00 0.000e+00 1.000e+00 0.000e+00 2.000e+00
 0.000e+00]","[6790. 2225.  894. 3895. 1040.  446.  484.  319. 1972.  294.  663.  557.
 1285. 1139.   46.]"
0.49246231155778897,"[5.258e+03 0.000e+00 0.000e+00 4.000e+01 6.000e+00 0.000e+00 3.000e+00
 0.000e+00 6.330e+02 0.000e+00 0.000e+00 0.000e+00 0.000e+00 2.000e+00
 0.000e+00]","[ 8634. 20199. 21530. 18393. 21374. 21978. 21937. 22105. 19124. 22130.
 21761. 21866. 21139. 21282. 22378.]","[1.63e+03 0.00e+00 0.00e+00 8.00e+01 4.00e+00 0.00e+00 0.00e+00 0.00e+00
 6.75e+02 0.00e+00 0.00e+00 1.00e+00 0.00e+00 1.00e+00 0.00e+00]","[6902. 2225.  894. 3911. 1040.  446.  484.  319. 1992.  294.  663.  557.
 1285. 1139.   46.]"
0.49748743718592964,"[5.146e+03 0.000e+00 0.000e+00 3.400e+01 6.000e+00 0.000e+00 3.000e+00
 0.000e+00 6.160e+02 0.000e+00 0.000e+00 0.000e+00 0.000e+00 1.000e+00
 0.000e+00]","[ 8683. 20199. 21530. 18415. 21374. 21978. 21937. 22105. 19157. 22130.
 21761. 21866. 21139. 21282. 22378.]","[1.581e+03 0.000e+00 0.000e+00 5.800e+01 4.000e+00 0.000e+00 0.000e+00
 0.000e+00 6.420e+02 0.000e+00 0.000e+00 1.000e+00 0.000e+00 1.000e+00
 0.000e+00]","[7014. 2225.  894. 3917. 1040.  446.  484.  319. 2009.  294.  663.  557.
 1285. 1140.   46.]"
0.5025125628140703,"[5.04e+03 0.00e+00 0.00e+00 2.30e+01 6.00e+00 0.00e+00 3.00e+00 0.00e+00
 6.00e+02 0.00e+00 0.00e+00 0.00e+00 0.00e+00 1.00e+00 0.00e+00]","[ 8729. 20199. 21530. 18428. 21374. 21978. 21937. 22105. 19187. 22130.
 21761. 21866. 21139. 21283. 22378.]","[1.535e+03 0.000e+00 0.000e+00 4.500e+01 4.000e+00 0.000e+00 0.000e+00
 0.000e+00 6.120e+02 0.000e+00 0.000e+00 1.000e+00 0.000e+00 0.000e+00
 0.000e+00]","[7120. 2225.  894. 3928. 1040.  446.  484.  319. 2025.  294.  663.  557.
 1285. 1140.   46.]"
0.507537688442211,"[4.919e+03 0.000e+00 0.000e+00 1.700e+01 6.000e+00 0.000e+00 3.000e+00
 0.000e+00 5.820e+02 0.000e+00 0.000e+00 0.000e+00 0.000e+00 1.000e+00
 0.000e+00]","[ 8790. 20199. 21530. 18444. 21374. 21978. 21937. 22105. 19206. 22130.
 21761. 21866. 21139. 21283. 22378.]","[1.474e+03 0.000e+00 0.000e+00 2.900e+01 4.000e+00 0.000e+00 0.000e+00
 0.000e+00 5.930e+02 0.000e+00 0.000e+00 1.000e+00 0.000e+00 0.000e+00
 0.000e+00]","[7241. 2225.  894. 3934. 1040.  446.  484.  319. 2043.  294.  663.  557.
 1285. 1140.   46.]"
0.5125628140703518,"[4.822e+03 0.000e+00 0.000e+00 1.300e+01 6.000e+00 0.000e+00 2.000e+00
 0.000e+00 5.740e+02 0.000e+00 0.000e+00 0.000e+00 0.000e+00 1.000e+00
 0.000e+00]","[ 8833. 20199. 21530. 18451. 21374. 21978. 21937. 22105. 19236. 22130.
 21761. 21866. 21139. 21283. 22378.]","[1.431e+03 0.000e+00 0.000e+00 2.200e+01 4.000e+00 0.000e+00 0.000e+00
 0.000e+00 5.630e+02 0.000e+00 0.000e+00 1.000e+00 0.000e+00 0.000e+00
 0.000e+00]","[7338. 2225.  894. 3938. 1040.  446.  485.  319. 2051.  294.  663.  557.
 1285. 1140.   46.]"
0.5175879396984925,"[4.703e+03 0.000e+00 0.000e+00 1.100e+01 5.000e+00 0.000e+00 2.000e+00
 0.000e+00 5.530e+02 0.000e+00 0.000e+00 0.000e+00 0.000e+00 1.000e+00
 0.000e+00]","[ 8890. 20199. 21530. 18459. 21375. 21978. 21937. 22105. 19262. 22130.
 21761. 21866. 21139. 21283. 22378.]","[1.374e+03 0.000e+00 0.000e+00 1.400e+01 3.000e+00 0.000e+00 0.000e+00
 0.000e+00 5.370e+02 0.000e+00 0.000e+00 1.000e+00 0.000e+00 0.000e+00
 0.000e+00]","[7457. 2225.  894. 3940. 1041.  446.  485.  319. 2072.  294.  663.  557.
 1285. 1140.   46.]"
0.5226130653266332,"[4.59e+03 0.00e+00 0.00e+00 5.00e+00 5.00e+00 0.00e+00 2.00e+00 0.00e+00
 5.33e+02 0.00e+00 0.00e+00 0.00e+00 0.00e+00 1.00e+00 0.00e+00]","[ 8940. 20199. 21530. 18463. 21376. 21978. 21937. 22105. 19284. 22130.
 21761. 21866. 21139. 21283. 22378.]","[1.324e+03 0.000e+00 0.000e+00 1.000e+01 2.000e+00 0.000e+00 0.000e+00
 0.000e+00 5.150e+02 0.000e+00 0.000e+00 1.000e+00 0.000e+00 0.000e+00
 0.000e+00]","[7570. 2225.  894. 3946. 1041.  446.  485.  319. 2092.  294.  663.  557.
 1285. 1140.   46.]"
0.5276381909547738,"[4.475e+03 0.000e+00 0.000e+00 4.000e+00 5.000e+00 0.000e+00 2.000e+00
 0.000e+00 5.160e+02 0.000e+00 0.000e+00 0.000e+00 0.000e+00 1.000e+00
 0.000e+00]","[ 8978. 20199. 21530. 18466. 21376. 21978. 21937. 22105. 19311. 22130.
 21761. 21866. 21139. 21283. 22378.]","[1.286e+03 0.000e+00 0.000e+00 7.000e+00 2.000e+00 0.000e+00 0.000e+00
 0.000e+00 4.880e+02 0.000e+00 0.000e+00 1.000e+00 0.000e+00 0.000e+00
 0.000e+00]","[7685. 2225.  894. 3947. 1041.  446.  485.  319. 2109.  294.  663.  557.
 1285. 1140.   46.]"
0.5326633165829145,"[4.366e+03 0.000e+00 0.000e+00 4.000e+00 5.000e+00 0.000e+00 2.000e+00
 0.000e+00 4.980e+02 0.000e+00 0.000e+00 0.000e+00 0.000e+00 1.000e+00
 0.000e+00]","[ 9027. 20199. 21530. 18468. 21376. 21978. 21937. 22105. 19341. 22130.
 21761. 21866. 21139. 21283. 22378.]","[1.237e+03 0.000e+00 0.000e+00 5.000e+00 2.000e+00 0.000e+00 0.000e+00
 0.000e+00 4.580e+02 0.000e+00 0.000e+00 1.000e+00 0.000e+00 0.000e+00
 0.000e+00]","[7794. 2225.  894. 3947. 1041.  446.  485.  319. 2127.  294.  663.  557.
 1285. 1140.   46.]"
0.5376884422110553,"[4.273e+03 0.000e+00 0.000e+00 3.000e+00 5.000e+00 0.000e+00 1.000e+00
 0.000e+00 4.860e+02 0.000e+00 0.000e+00 0.000e+00 0.000e+00 0.000e+00
 0.000e+00]","[ 9067. 20199. 21530. 18471. 21376. 21978. 21937. 22105. 19357. 22130.
 21761. 21866. 21139. 21283. 22378.]","[1.197e+03 0.000e+00 0.000e+00 2.000e+00 2.000e+00 0.000e+00 0.000e+00
 0.000e+00 4.420e+02 0.000e+00 0.000e+00 1.000e+00 0.000e+00 0.000e+00
 0.000e+00]","[7887. 2225.  894. 3948. 1041.  446.  486.  319. 2139.  294.  663.  557.
 1285. 1141.   46.]"
0.542713567839196,"[4.179e+03 0.000e+00 0.000e+00 1.000e+00 5.000e+00 0.000e+00 0.000e+00
 0.000e+00 4.710e+02 0.000e+00 0.000e+00 0.000e+00 0.000e+00 0.000e+00
 0.000e+00]","[ 9105. 20199. 21530. 18471. 21376. 21978. 21937. 22105. 19381. 22130.
 21761. 21866. 21139. 21283. 22378.]","[1.159e+03 0.000e+00 0.000e+00 2.000e+00 2.000e+00 0.000e+00 0.000e+00
 0.000e+00 4.180e+02 0.000e+00 0.000e+00 1.000e+00 0.000e+00 0.000e+00
 0.000e+00]","[7981. 2225.  894. 3950. 1041.  446.  487.  319. 2154.  294.  663.  557.
 1285. 1141.   46.]"
0.5477386934673367,"[4.075e+03 0.000e+00 0.000e+00 1.000e+00 5.000e+00 0.000e+00 0.000e+00
 0.000e+00 4.610e+02 0.000e+00 0.000e+00 0.000e+00 0.000e+00 0.000e+00
 0.000e+00]","[ 9151. 20199. 21530. 18472. 21376. 21978. 21937. 22105. 19400. 22130.
 21761. 21866. 21139. 21283. 22378.]","[1.113e+03 0.000e+00 0.000e+00 1.000e+00 2.000e+00 0.000e+00 0.000e+00
 0.000e+00 3.990e+02 0.000e+00 0.000e+00 1.000e+00 0.000e+00 0.000e+00
 0.000e+00]","[8085. 2225.  894. 3950. 1041.  446.  487.  319. 2164.  294.  663.  557.
 1285. 1141.   46.]"
0.5527638190954773,"[3.96e+03 0.00e+00 0.00e+00 1.00e+00 5.00e+00 0.00e+00 0.00e+00 0.00e+00
 4.52e+02 0.00e+00 0.00e+00 0.00e+00 0.00e+00 0.00e+00 0.00e+00]","[ 9181. 20199. 21530. 18473. 21376. 21978. 21937. 22105. 19415. 22130.
 21761. 21866. 21139. 21283. 22378.]","[1.083e+03 0.000e+00 0.000e+00 0.000e+00 2.000e+00 0.000e+00 0.000e+00
 0.000e+00 3.840e+02 0.000e+00 0.000e+00 1.000e+00 0.000e+00 0.000e+00
 0.000e+00]","[8200. 2225.  894. 3950. 1041.  446.  487.  319. 2173.  294.  663.  557.
 1285. 1141.   46.]"
0.5577889447236181,"[3.851e+03 0.000e+00 0.000e+00 1.000e+00 4.000e+00 0.000e+00 0.000e+00
 0.000e+00 4.360e+02 0.000e+00 0.000e+00 0.000e+00 0.000e+00 0.000e+00
 0.000e+00]","[ 9210. 20199. 21530. 18473. 21377. 21978. 21937. 22105. 19436. 22130.
 21761. 21866. 21139. 21283. 22378.]","[1.054e+03 0.000e+00 0.000e+00 0.000e+00 1.000e+00 0.000e+00 0.000e+00
 0.000e+00 3.630e+02 0.000e+00 0.000e+00 1.000e+00 0.000e+00 0.000e+00
 0.000e+00]","[8309. 2225.  894. 3950. 1042.  446.  487.  319. 2189.  294.  663.  557.
 1285. 1141.   46.]"
0.5628140703517588,"[3753.    0.    0.    0.    4.    0.    0.    0.  420.    0.    0.    0.
    0.    0.    0.]","[ 9243. 20199. 21530. 18473. 21377. 21978. 21937. 22105. 19456. 22130.
 21761. 21866. 21139. 21283. 22378.]","[1.021e+03 0.000e+00 0.000e+00 0.000e+00 1.000e+00 0.000e+00 0.000e+00
 0.000e+00 3.430e+02 0.000e+00 0.000e+00 1.000e+00 0.000e+00 0.000e+00
 0.000e+00]","[8407. 2225.  894. 3951. 1042.  446.  487.  319. 2205.  294.  663.  557.
 1285. 1141.   46.]"
0.5678391959798995,"[3646.    0.    0.    0.    4.    0.    0.    0.  409.    0.    0.    0.
    0.    0.    0.]","[ 9277. 20199. 21530. 18473. 21377. 21978. 21937. 22105. 19472. 22130.
 21761. 21866. 21139. 21283. 22378.]","[987.   0.   0.   0.   1.   0.   0.   0. 327.   0.   0.   1.   0.   0.
   0.]","[8514. 2225.  894. 3951. 1042.  446.  487.  319. 2216.  294.  663.  557.
 1285. 1141.   46.]"
0.5728643216080402,"[3545.    0.    0.    0.    4.    0.    0.    0.  401.    0.    0.    0.
    0.    0.    0.]","[ 9321. 20199. 21530. 18473. 21378. 21978. 21937. 22105. 19487. 22130.
 21761. 21866. 21139. 21283. 22378.]","[943.   0.   0.   0.   0.   0.   0.   0. 312.   0.   0.   1.   0.   0.
   0.]","[8615. 2225.  894. 3951. 1042.  446.  487.  319. 2224.  294.  663.  557.
 1285. 1141.   46.]"
0.5778894472361809,"[3435.    0.    0.    0.    4.    0.    0.    0.  384.    0.    0.    0.
    0.    0.    0.]","[ 9357. 20199. 21530. 18473. 21378. 21978. 21937. 22105. 19506. 22130.
 21761. 21866. 21139. 21283. 22378.]","[907.   0.   0.   0.   0.   0.   0.   0. 293.   0.   0.   1.   0.   0.
   0.]","[8725. 2225.  894. 3951. 1042.  446.  487.  319. 2241.  294.  663.  557.
 1285. 1141.   46.]"
0.5829145728643216,"[3.333e+03 0.000e+00 0.000e+00 0.000e+00 3.000e+00 0.000e+00 0.000e+00
 0.000e+00 3.740e+02 0.000e+00 0.000e+00 0.000e+00 0.000e+00 0.000e+00
 0.000e+00]","[ 9389. 20199. 21530. 18473. 21378. 21978. 21937. 22105. 19525. 22130.
 21761. 21867. 21139. 21283. 22378.]","[875.   0.   0.   0.   0.   0.   0.   0. 274.   0.   0.   0.   0.   0.
   0.]","[8827. 2225.  894. 3951. 1043.  446.  487.  319. 2251.  294.  663.  557.
 1285. 1141.   46.]"
0.5879396984924623,"[3.24e+03 0.00e+00 0.00e+00 0.00e+00 3.00e+00 0.00e+00 0.00e+00 0.00e+00
 3.61e+02 0.00e+00 0.00e+00 0.00e+00 0.00e+00 0.00e+00 0.00e+00]","[ 9422. 20199. 21530. 18473. 21378. 21978. 21937. 22105. 19539. 22130.
 21761. 21867. 21139. 21283. 22378.]","[842.   0.   0.   0.   0.   0.   0.   0. 260.   0.   0.   0.   0.   0.
   0.]","[8920. 2225.  894. 3951. 1043.  446.  487.  319. 2264.  294.  663.  557.
 1285. 1141.   46.]"
0.592964824120603,"[3.153e+03 0.000e+00 0.000e+00 0.000e+00 3.000e+00 0.000e+00 0.000e+00
 0.000e+00 3.410e+02 0.000e+00 0.000e+00 0.000e+00 0.000e+00 0.000e+00
 0.000e+00]","[ 9450. 20199. 21530. 18473. 21378. 21978. 21937. 22105. 19555. 22130.
 21761. 21867. 21139. 21283. 22378.]","[814.   0.   0.   0.   0.   0.   0.   0. 244.   0.   0.   0.   0.   0.
   0.]","[9007. 2225.  894. 3951. 1043.  446.  487.  319. 2284.  294.  663.  557.
 1285. 1141.   46.]"
0.5979899497487438,"[3.063e+03 0.000e+00 0.000e+00 0.000e+00 3.000e+00 0.000e+00 0.000e+00
 0.000e+00 3.300e+02 0.000e+00 0.000e+00 0.000e+00 0.000e+00 0.000e+00
 0.000e+00]","[ 9480. 20199. 21530. 18473. 21378. 21978. 21937. 22105. 19567. 22130.
 21761. 21867. 21139. 21283. 22378.]","[784.   0.   0.   0.   0.   0.   0.   0. 232.   0.   0.   0.   0.   0.
   0.]","[9097. 2225.  894. 3951. 1043.  446.  487.  319. 2295.  294.  663.  557.
 1285. 1141.   46.]"
0.6030150753768844,"[2967.    0.    0.    0.    3.    0.    0.    0.  314.    0.    0.    0.
    0.    0.    0.]","[ 9513. 20199. 21530. 18473. 21378. 21978. 21937. 22105. 19583. 22130.
 21761. 21867. 21139. 21283. 22378.]","[751.   0.   0.   0.   0.   0.   0.   0. 216.   0.   0.   0.   0.   0.
   0.]","[9193. 2225.  894. 3951. 1043.  446.  487.  319. 2311.  294.  663.  557.
 1285. 1141.   46.]"
0.6080402010050251,"[2865.    0.    0.    0.    3.    0.    0.    0.  295.    0.    0.    0.
    0.    0.    0.]","[ 9540. 20199. 21530. 18473. 21378. 21978. 21937. 22105. 19595. 22130.
 21761. 21867. 21139. 21283. 22378.]","[724.   0.   0.   0.   0.   0.   0.   0. 204.   0.   0.   0.   0.   0.
   0.]","[9295. 2225.  894. 3951. 1043.  446.  487.  319. 2330.  294.  663.  557.
 1285. 1141.   46.]"
0.6130653266331658,"[2777.    0.    0.    0.    3.    0.    0.    0.  287.    0.    0.    0.
    0.    0.    0.]","[ 9572. 20199. 21530. 18473. 21378. 21978. 21937. 22105. 19605. 22130.
 21761. 21867. 21139. 21283. 22378.]","[692.   0.   0.   0.   0.   0.   0.   0. 194.   0.   0.   0.   0.   0.
   0.]","[9383. 2225.  894. 3951. 1043.  446.  487.  319. 2338.  294.  663.  557.
 1285. 1141.   46.]"
0.6180904522613065,"[2697.    0.    0.    0.    3.    0.    0.    0.  272.    0.    0.    0.
    0.    0.    0.]","[ 9595. 20199. 21530. 18473. 21378. 21978. 21937. 22105. 19617. 22130.
 21761. 21867. 21139. 21283. 22378.]","[669.   0.   0.   0.   0.   0.   0.   0. 182.   0.   0.   0.   0.   0.
   0.]","[9463. 2225.  894. 3951. 1043.  446.  487.  319. 2353.  294.  663.  557.
 1285. 1141.   46.]"
0.6231155778894473,"[2619.    0.    0.    0.    3.    0.    0.    0.  265.    0.    0.    0.
    0.    0.    0.]","[ 9615. 20199. 21530. 18473. 21378. 21978. 21937. 22105. 19632. 22130.
 21761. 21867. 21139. 21283. 22378.]","[649.   0.   0.   0.   0.   0.   0.   0. 167.   0.   0.   0.   0.   0.
   0.]","[9541. 2225.  894. 3951. 1043.  446.  487.  319. 2360.  294.  663.  557.
 1285. 1141.   46.]"
0.628140703517588,"[2531.    0.    0.    0.    3.    0.    0.    0.  257.    0.    0.    0.
    0.    0.    0.]","[ 9639. 20199. 21530. 18473. 21378. 21978. 21937. 22105. 19641. 22130.
 21761. 21867. 21139. 21283. 22378.]","[625.   0.   0.   0.   0.   0.   0.   0. 158.   0.   0.   0.   0.   0.
   0.]","[9629. 2225.  894. 3951. 1043.  446.  487.  319. 2368.  294.  663.  557.
 1285. 1141.   46.]"
0.6331658291457286,"[2.453e+03 0.000e+00 0.000e+00 0.000e+00 2.000e+00 0.000e+00 0.000e+00
 0.000e+00 2.460e+02 0.000e+00 0.000e+00 0.000e+00 0.000e+00 0.000e+00
 0.000e+00]","[ 9663. 20199. 21530. 18473. 21378. 21978. 21937. 22105. 19649. 22130.
 21761. 21867. 21139. 21283. 22378.]","[601.   0.   0.   0.   0.   0.   0.   0. 150.   0.   0.   0.   0.   0.
   0.]","[9707. 2225.  894. 3951. 1044.  446.  487.  319. 2379.  294.  663.  557.
 1285. 1141.   46.]"
0.6381909547738693,"[2.365e+03 0.000e+00 0.000e+00 0.000e+00 2.000e+00 0.000e+00 0.000e+00
 0.000e+00 2.320e+02 0.000e+00 0.000e+00 0.000e+00 0.000e+00 0.000e+00
 0.000e+00]","[ 9694. 20199. 21530. 18473. 21378. 21978. 21937. 22105. 19662. 22130.
 21761. 21867. 21139. 21283. 22378.]","[570.   0.   0.   0.   0.   0.   0.   0. 137.   0.   0.   0.   0.   0.
   0.]","[9795. 2225.  894. 3951. 1044.  446.  487.  319. 2393.  294.  663.  557.
 1285. 1141.   46.]"
0.6432160804020101,"[2.278e+03 0.000e+00 0.000e+00 0.000e+00 1.000e+00 0.000e+00 0.000e+00
 0.000e+00 2.170e+02 0.000e+00 0.000e+00 0.000e+00 0.000e+00 0.000e+00
 0.000e+00]","[ 9712. 20199. 21530. 18473. 21378. 21978. 21937. 22105. 19675. 22130.
 21761. 21867. 21139. 21283. 22378.]","[552.   0.   0.   0.   0.   0.   0.   0. 124.   0.   0.   0.   0.   0.
   0.]","[9882. 2225.  894. 3951. 1045.  446.  487.  319. 2408.  294.  663.  557.
 1285. 1141.   46.]"
0.6482412060301508,"[2.206e+03 0.000e+00 0.000e+00 0.000e+00 1.000e+00 0.000e+00 0.000e+00
 0.000e+00 2.060e+02 0.000e+00 0.000e+00 0.000e+00 0.000e+00 0.000e+00
 0.000e+00]","[ 9742. 20199. 21530. 18473. 21378. 21978. 21937. 22105. 19679. 22130.
 21761. 21867. 21139. 21283. 22378.]","[522.   0.   0.   0.   0.   0.   0.   0. 120.   0.   0.   0.   0.   0.
   0.]","[9954. 2225.  894. 3951. 1045.  446.  487.  319. 2419.  294.  663.  557.
 1285. 1141.   46.]"
0.6532663316582915,"[2.115e+03 0.000e+00 0.000e+00 0.000e+00 1.000e+00 0.000e+00 0.000e+00
 0.000e+00 2.020e+02 0.000e+00 0.000e+00 0.000e+00 0.000e+00 0.000e+00
 0.000e+00]","[ 9771. 20199. 21530. 18473. 21378. 21978. 21937. 22105. 19687. 22130.
 21761. 21867. 21139. 21283. 22378.]","[493.   0.   0.   0.   0.   0.   0.   0. 112.   0.   0.   0.   0.   0.
   0.]","[10045.  2225.   894.  3951.  1045.   446.   487.   319.  2423.   294.
   663.   557.  1285.  1141.    46.]"
0.6582914572864321,"[2.027e+03 0.000e+00 0.000e+00 0.000e+00 1.000e+00 0.000e+00 0.000e+00
 0.000e+00 1.880e+02 0.000e+00 0.000e+00 0.000e+00 0.000e+00 0.000e+00
 0.000e+00]","[ 9785. 20199. 21530. 18473. 21378. 21978. 21937. 22105. 19695. 22130.
 21761. 21867. 21139. 21283. 22378.]","[479.   0.   0.   0.   0.   0.   0.   0. 104.   0.   0.   0.   0.   0.
   0.]","[10133.  2225.   894.  3951.  1045.   446.   487.   319.  2437.   294.
   663.   557.  1285.  1141.    46.]"
0.6633165829145728,"[1.947e+03 0.000e+00 0.000e+00 0.000e+00 1.000e+00 0.000e+00 0.000e+00
 0.000e+00 1.660e+02 0.000e+00 0.000e+00 0.000e+00 0.000e+00 0.000e+00
 0.000e+00]","[ 9816. 20199. 21530. 18473. 21378. 21978. 21937. 22105. 19699. 22130.
 21761. 21867. 21139. 21283. 22378.]","[448.   0.   0.   0.   0.   0.   0.   0. 100.   0.   0.   0.   0.   0.
   0.]","[10213.  2225.   894.  3951.  1045.   446.   487.   319.  2459.   294.
   663.   557.  1285.  1141.    46.]"
0.6683417085427136,"[1861.    0.    0.    0.    0.    0.    0.    0.  158.    0.    0.    0.
    0.    0.    0.]","[ 9835. 20199. 21530. 18473. 21378. 21978. 21937. 22105. 19701. 22130.
 21761. 21867. 21139. 21283. 22378.]","[429.   0.   0.   0.   0.   0.   0.   0.  98.   0.   0.   0.   0.   0.
   0.]","[10299.  2225.   894.  3951.  1046.   446.   487.   319.  2467.   294.
   663.   557.  1285.  1141.    46.]"
0.6733668341708543,"[1792.    0.    0.    0.    0.    0.    0.    0.  150.    0.    0.    0.
    0.    0.    0.]","[ 9859. 20199. 21530. 18473. 21378. 21978. 21937. 22105. 19705. 22130.
 21761. 21867. 21139. 21283. 22378.]","[405.   0.   0.   0.   0.   0.   0.   0.  94.   0.   0.   0.   0.   0.
   0.]","[10368.  2225.   894.  3951.  1046.   446.   487.   319.  2475.   294.
   663.   557.  1285.  1141.    46.]"
0.678391959798995,"[1724.    0.    0.    0.    0.    0.    0.    0.  143.    0.    0.    0.
    0.    0.    0.]","[ 9886. 20199. 21530. 18473. 21378. 21978. 21937. 22105. 19712. 22130.
 21761. 21867. 21139. 21283. 22378.]","[378.   0.   0.   0.   0.   0.   0.   0.  87.   0.   0.   0.   0.   0.
   0.]","[10436.  2225.   894.  3951.  1046.   446.   487.   319.  2482.   294.
   663.   557.  1285.  1141.    46.]"
0.6834170854271356,"[1645.    0.    0.    0.    0.    0.    0.    0.  132.    0.    0.    0.
    0.    0.    0.]","[ 9913. 20199. 21530. 18473. 21378. 21978. 21937. 22105. 19716. 22130.
 21761. 21867. 21139. 21283. 22378.]","[351.   0.   0.   0.   0.   0.   0.   0.  83.   0.   0.   0.   0.   0.
   0.]","[10515.  2225.   894.  3951.  1046.   446.   487.   319.  2493.   294.
   663.   557.  1285.  1141.    46.]"
0.6884422110552764,"[1565.    0.    0.    0.    0.    0.    0.    0.  120.    0.    0.    0.
    0.    0.    0.]","[ 9932. 20199. 21530. 18473. 21378. 21978. 21937. 22105. 19725. 22130.
 21761. 21867. 21139. 21283. 22378.]","[332.   0.   0.   0.   0.   0.   0.   0.  74.   0.   0.   0.   0.   0.
   0.]","[10595.  2225.   894.  3951.  1046.   446.   487.   319.  2505.   294.
   663.   557.  1285.  1141.    46.]"
0.6934673366834171,"[1486.    0.    0.    0.    0.    0.    0.    0.  117.    0.    0.    0.
    0.    0.    0.]","[ 9951. 20199. 21530. 18473. 21378. 21978. 21937. 22105. 19733. 22130.
 21761. 21867. 21139. 21283. 22378.]","[313.   0.   0.   0.   0.   0.   0.   0.  66.   0.   0.   0.   0.   0.
   0.]","[10674.  2225.   894.  3951.  1046.   446.   487.   319.  2508.   294.
   663.   557.  1285.  1141.    46.]"
0.6984924623115578,"[1419.    0.    0.    0.    0.    0.    0.    0.  107.    0.    0.    0.
    0.    0.    0.]","[ 9974. 20199. 21530. 18473. 21378. 21978. 21937. 22105. 19738. 22130.
 21761. 21867. 21139. 21283. 22378.]","[290.   0.   0.   0.   0.   0.   0.   0.  61.   0.   0.   0.   0.   0.
   0.]","[10741.  2225.   894.  3951.  1046.   446.   487.   319.  2518.   294.
   663.   557.  1285.  1141.    46.]"
0.7035175879396985,"[1359.    0.    0.    0.    0.    0.    0.    0.  104.    0.    0.    0.
    0.    0.    0.]","[ 9990. 20199. 21530. 18473. 21378. 21978. 21937. 22105. 19748. 22130.
 21761. 21867. 21139. 21283. 22378.]","[274.   0.   0.   0.   0.   0.   0.   0.  51.   0.   0.   0.   0.   0.
   0.]","[10801.  2225.   894.  3951.  1046.   446.   487.   319.  2521.   294.
   663.   557.  1285.  1141.    46.]"
0.7085427135678392,"[1299.    0.    0.    0.    0.    0.    0.    0.   96.    0.    0.    0.
    0.    0.    0.]","[10011. 20199. 21530. 18473. 21378. 21978. 21937. 22105. 19751. 22130.
 21761. 21867. 21139. 21283. 22378.]","[253.   0.   0.   0.   0.   0.   0.   0.  48.   0.   0.   0.   0.   0.
   0.]","[10861.  2225.   894.  3951.  1046.   446.   487.   319.  2529.   294.
   663.   557.  1285.  1141.    46.]"
0.7135678391959799,"[1215.    0.    0.    0.    0.    0.    0.    0.   86.    0.    0.    0.
    0.    0.    0.]","[10026. 20199. 21530. 18473. 21378. 21978. 21937. 22105. 19756. 22130.
 21761. 21867. 21139. 21283. 22378.]","[238.   0.   0.   0.   0.   0.   0.   0.  43.   0.   0.   0.   0.   0.
   0.]","[10945.  2225.   894.  3951.  1046.   446.   487.   319.  2539.   294.
   663.   557.  1285.  1141.    46.]"
0.7185929648241206,"[1160.    0.    0.    0.    0.    0.    0.    0.   73.    0.    0.    0.
    0.    0.    0.]","[10039. 20199. 21530. 18473. 21378. 21978. 21937. 22105. 19758. 22130.
 21761. 21867. 21139. 21283. 22378.]","[225.   0.   0.   0.   0.   0.   0.   0.  41.   0.   0.   0.   0.   0.
   0.]","[11000.  2225.   894.  3951.  1046.   446.   487.   319.  2552.   294.
   663.   557.  1285.  1141.    46.]"
0.7236180904522613,"[1094.    0.    0.    0.    0.    0.    0.    0.   66.    0.    0.    0.
    0.    0.    0.]","[10051. 20199. 21530. 18473. 21378. 21978. 21937. 22105. 19760. 22130.
 21761. 21867. 21139. 21283. 22378.]","[213.   0.   0.   0.   0.   0.   0.   0.  39.   0.   0.   0.   0.   0.
   0.]","[11066.  2225.   894.  3951.  1046.   446.   487.   319.  2559.   294.
   663.   557.  1285.  1141.    46.]"
0.7286432160804021,"[1044.    0.    0.    0.    0.    0.    0.    0.   61.    0.    0.    0.
    0.    0.    0.]","[10065. 20199. 21530. 18473. 21378. 21978. 21937. 22105. 19769. 22130.
 21761. 21867. 21139. 21283. 22378.]","[199.   0.   0.   0.   0.   0.   0.   0.  30.   0.   0.   0.   0.   0.
   0.]","[11116.  2225.   894.  3951.  1046.   446.   487.   319.  2564.   294.
   663.   557.  1285.  1141.    46.]"
0.7336683417085427,"[984.   0.   0.   0.   0.   0.   0.   0.  56.   0.   0.   0.   0.   0.
   0.]","[10077. 20199. 21530. 18473. 21378. 21978. 21937. 22105. 19772. 22130.
 21761. 21867. 21139. 21283. 22378.]","[187.   0.   0.   0.   0.   0.   0.   0.  27.   0.   0.   0.   0.   0.
   0.]","[11176.  2225.   894.  3951.  1046.   446.   487.   319.  2569.   294.
   663.   557.  1285.  1141.    46.]"
0.7386934673366834,"[920.   0.   0.   0.   0.   0.   0.   0.  50.   0.   0.   0.   0.   0.
   0.]","[10085. 20199. 21530. 18473. 21378. 21978. 21937. 22105. 19776. 22130.
 21761. 21867. 21139. 21283. 22378.]","[179.   0.   0.   0.   0.   0.   0.   0.  23.   0.   0.   0.   0.   0.
   0.]","[11240.  2225.   894.  3951.  1046.   446.   487.   319.  2575.   294.
   663.   557.  1285.  1141.    46.]"
0.7437185929648241,"[847.   0.   0.   0.   0.   0.   0.   0.  43.   0.   0.   0.   0.   0.
   0.]","[10098. 20199. 21530. 18473. 21378. 21978. 21937. 22105. 19782. 22130.
 21761. 21867. 21139. 21283. 22378.]","[166.   0.   0.   0.   0.   0.   0.   0.  17.   0.   0.   0.   0.   0.
   0.]","[11313.  2225.   894.  3951.  1046.   446.   487.   319.  2582.   294.
   663.   557.  1285.  1141.    46.]"
0.7487437185929648,"[797.   0.   0.   0.   0.   0.   0.   0.  38.   0.   0.   0.   0.   0.
   0.]","[10114. 20199. 21530. 18473. 21378. 21978. 21937. 22105. 19783. 22130.
 21761. 21867. 21139. 21283. 22378.]","[150.   0.   0.   0.   0.   0.   0.   0.  16.   0.   0.   0.   0.   0.
   0.]","[11363.  2225.   894.  3951.  1046.   446.   487.   319.  2587.   294.
   663.   557.  1285.  1141.    46.]"
0.7537688442211056,"[740.   0.   0.   0.   0.   0.   0.   0.  34.   0.   0.   0.   0.   0.
   0.]","[10127. 20199. 21530. 18473. 21378. 21978. 21937. 22105. 19786. 22130.
 21761. 21867. 21139. 21283. 22378.]","[137.   0.   0.   0.   0.   0.   0.   0.  13.   0.   0.   0.   0.   0.
   0.]","[11420.  2225.   894.  3951.  1046.   446.   487.   319.  2591.   294.
   663.   557.  1285.  1141.    46.]"
0.7587939698492462,"[698.   0.   0.   0.   0.   0.   0.   0.  31.   0.   0.   0.   0.   0.
   0.]","[10141. 20199. 21530. 18473. 21378. 21978. 21937. 22105. 19788. 22130.
 21761. 21867. 21139. 21283. 22378.]","[123.   0.   0.   0.   0.   0.   0.   0.  11.   0.   0.   0.   0.   0.
   0.]","[11462.  2225.   894.  3951.  1046.   446.   487.   319.  2594.   294.
   663.   557.  1285.  1141.    46.]"
0.7638190954773869,"[659.   0.   0.   0.   0.   0.   0.   0.  31.   0.   0.   0.   0.   0.
   0.]","[10150. 20199. 21530. 18473. 21378. 21978. 21937. 22105. 19791. 22130.
 21761. 21867. 21139. 21283. 22378.]","[114.   0.   0.   0.   0.   0.   0.   0.   8.   0.   0.   0.   0.   0.
   0.]","[11501.  2225.   894.  3951.  1046.   446.   487.   319.  2594.   294.
   663.   557.  1285.  1141.    46.]"
0.7688442211055276,"[610.   0.   0.   0.   0.   0.   0.   0.  26.   0.   0.   0.   0.   0.
   0.]","[10159. 20199. 21530. 18473. 21378. 21978. 21937. 22105. 19793. 22130.
 21761. 21867. 21139. 21283. 22378.]","[105.   0.   0.   0.   0.   0.   0.   0.   6.   0.   0.   0.   0.   0.
   0.]","[11550.  2225.   894.  3951.  1046.   446.   487.   319.  2599.   294.
   663.   557.  1285.  1141.    46.]"
0.7738693467336684,"[571.   0.   0.   0.   0.   0.   0.   0.  23.   0.   0.   0.   0.   0.
   0.]","[10165. 20199. 21530. 18473. 21378. 21978. 21937. 22105. 19793. 22130.
 21761. 21867. 21139. 21283. 22378.]",[99.  0.  0.  0.  0.  0.  0.  0.  6.  0.  0.  0.  0.  0.  0.],"[11589.  2225.   894.  3951.  1046.   446.   487.   319.  2602.   294.
   663.   557.  1285.  1141.    46.]"
0.7788944723618091,"[521.   0.   0.   0.   0.   0.   0.   0.  20.   0.   0.   0.   0.   0.
   0.]","[10171. 20199. 21530. 18473. 21378. 21978. 21937. 22105. 19794. 22130.
 21761. 21867. 21139. 21283. 22378.]",[93.  0.  0.  0.  0.  0.  0.  0.  5.  0.  0.  0.  0.  0.  0.],"[11639.  2225.   894.  3951.  1046.   446.   487.   319.  2605.   294.
   663.   557.  1285.  1141.    46.]"
0.7839195979899497,"[473.   0.   0.   0.   0.   0.   0.   0.  19.   0.   0.   0.   0.   0.
   0.]","[10178. 20199. 21530. 18473. 21378. 21978. 21937. 22105. 19795. 22130.
 21761. 21867. 21139. 21283. 22378.]",[86.  0.  0.  0.  0.  0.  0.  0.  4.  0.  0.  0.  0.  0.  0.],"[11687.  2225.   894.  3951.  1046.   446.   487.   319.  2606.   294.
   663.   557.  1285.  1141.    46.]"
0.7889447236180904,"[440.   0.   0.   0.   0.   0.   0.   0.  15.   0.   0.   0.   0.   0.
   0.]","[10188. 20199. 21530. 18473. 21378. 21978. 21937. 22105. 19795. 22130.
 21761. 21867. 21139. 21283. 22378.]",[76.  0.  0.  0.  0.  0.  0.  0.  4.  0.  0.  0.  0.  0.  0.],"[11720.  2225.   894.  3951.  1046.   446.   487.   319.  2610.   294.
   663.   557.  1285.  1141.    46.]"
0.7939698492462312,"[413.   0.   0.   0.   0.   0.   0.   0.  13.   0.   0.   0.   0.   0.
   0.]","[10195. 20199. 21530. 18473. 21378. 21978. 21937. 22105. 19796. 22130.
 21761. 21867. 21139. 21283. 22378.]",[69.  0.  0.  0.  0.  0.  0.  0.  3.  0.  0.  0.  0.  0.  0.],"[11747.  2225.   894.  3951.  1046.   446.   487.   319.  2612.   294.
   663.   557.  1285.  1141.    46.]"
0.7989949748743719,"[378.   0.   0.   0.   0.   0.   0.   0.   9.   0.   0.   0.   0.   0.
   0.]","[10199. 20199. 21530. 18473. 21378. 21978. 21937. 22105. 19798. 22130.
 21761. 21867. 21139. 21283. 22378.]",[65.  0.  0.  0.  0.  0.  0.  0.  1.  0.  0.  0.  0.  0.  0.],"[11782.  2225.   894.  3951.  1046.   446.   487.   319.  2616.   294.
   663.   557.  1285.  1141.    46.]"
0.8040201005025126,"[352.   0.   0.   0.   0.   0.   0.   0.   6.   0.   0.   0.   0.   0.
   0.]","[10208. 20199. 21530. 18473. 21378. 21978. 21937. 22105. 19798. 22130.
 21761. 21867. 21139. 21283. 22378.]",[56.  0.  0.  0.  0.  0.  0.  0.  1.  0.  0.  0.  0.  0.  0.],"[11808.  2225.   894.  3951.  1046.   446.   487.   319.  2619.   294.
   663.   557.  1285.  1141.    46.]"
0.8090452261306532,"[321.   0.   0.   0.   0.   0.   0.   0.   5.   0.   0.   0.   0.   0.
   0.]","[10213. 20199. 21530. 18473. 21378. 21978. 21937. 22105. 19798. 22130.
 21761. 21867. 21139. 21283. 22378.]",[51.  0.  0.  0.  0.  0.  0.  0.  1.  0.  0.  0.  0.  0.  0.],"[11839.  2225.   894.  3951.  1046.   446.   487.   319.  2620.   294.
   663.   557.  1285.  1141.    46.]"
0.8140703517587939,"[288.   0.   0.   0.   0.   0.   0.   0.   4.   0.   0.   0.   0.   0.
   0.]","[10216. 20199. 21530. 18473. 21378. 21978. 21937. 22105. 19798. 22130.
 21761. 21867. 21139. 21283. 22378.]",[48.  0.  0.  0.  0.  0.  0.  0.  1.  0.  0.  0.  0.  0.  0.],"[11872.  2225.   894.  3951.  1046.   446.   487.   319.  2621.   294.
   663.   557.  1285.  1141.    46.]"
0.8190954773869347,"[267.   0.   0.   0.   0.   0.   0.   0.   4.   0.   0.   0.   0.   0.
   0.]","[10223. 20199. 21530. 18473. 21378. 21978. 21937. 22105. 19798. 22130.
 21761. 21867. 21139. 21283. 22378.]",[41.  0.  0.  0.  0.  0.  0.  0.  1.  0.  0.  0.  0.  0.  0.],"[11893.  2225.   894.  3951.  1046.   446.   487.   319.  2621.   294.
   663.   557.  1285.  1141.    46.]"
0.8241206030150754,"[247.   0.   0.   0.   0.   0.   0.   0.   3.   0.   0.   0.   0.   0.
   0.]","[10226. 20199. 21530. 18473. 21378. 21978. 21937. 22105. 19798. 22130.
 21761. 21867. 21139. 21283. 22378.]",[38.  0.  0.  0.  0.  0.  0.  0.  1.  0.  0.  0.  0.  0.  0.],"[11913.  2225.   894.  3951.  1046.   446.   487.   319.  2622.   294.
   663.   557.  1285.  1141.    46.]"
0.8291457286432161,"[229.   0.   0.   0.   0.   0.   0.   0.   3.   0.   0.   0.   0.   0.
   0.]","[10236. 20199. 21530. 18473. 21378. 21978. 21937. 22105. 19799. 22130.
 21761. 21867. 21139. 21283. 22378.]",[28.  0.  0.  0.  0.  0.  0.  0.  0.  0.  0.  0.  0.  0.  0.],"[11931.  2225.   894.  3951.  1046.   446.   487.   319.  2622.   294.
   663.   557.  1285.  1141.    46.]"
0.8341708542713567,"[213.   0.   0.   0.   0.   0.   0.   0.   3.   0.   0.   0.   0.   0.
   0.]","[10240. 20199. 21530. 18473. 21378. 21978. 21937. 22105. 19799. 22130.
 21761. 21867. 21139. 21283. 22378.]",[24.  0.  0.  0.  0.  0.  0.  0.  0.  0.  0.  0.  0.  0.  0.],"[11947.  2225.   894.  3951.  1046.   446.   487.   319.  2622.   294.
   663.   557.  1285.  1141.    46.]"
0.8391959798994975,"[195.   0.   0.   0.   0.   0.   0.   0.   2.   0.   0.   0.   0.   0.
   0.]","[10244. 20199. 21530. 18473. 21378. 21978. 21937. 22105. 19799. 22130.
 21761. 21867. 21139. 21283. 22378.]",[20.  0.  0.  0.  0.  0.  0.  0.  0.  0.  0.  0.  0.  0.  0.],"[11965.  2225.   894.  3951.  1046.   446.   487.   319.  2623.   294.
   663.   557.  1285.  1141.    46.]"
0.8442211055276382,"[174.   0.   0.   0.   0.   0.   0.   0.   2.   0.   0.   0.   0.   0.
   0.]","[10245. 20199. 21530. 18473. 21378. 21978. 21937. 22105. 19799. 22130.
 21761. 21867. 21139. 21283. 22378.]",[19.  0.  0.  0.  0.  0.  0.  0.  0.  0.  0.  0.  0.  0.  0.],"[11986.  2225.   894.  3951.  1046.   446.   487.   319.  2623.   294.
   663.   557.  1285.  1141.    46.]"
0.8492462311557789,"[162.   0.   0.   0.   0.   0.   0.   0.   1.   0.   0.   0.   0.   0.
   0.]","[10246. 20199. 21530. 18473. 21378. 21978. 21937. 22105. 19799. 22130.
 21761. 21867. 21139. 21283. 22378.]",[18.  0.  0.  0.  0.  0.  0.  0.  0.  0.  0.  0.  0.  0.  0.],"[11998.  2225.   894.  3951.  1046.   446.   487.   319.  2624.   294.
   663.   557.  1285.  1141.    46.]"
0.8542713567839196,"[142.   0.   0.   0.   0.   0.   0.   0.   1.   0.   0.   0.   0.   0.
   0.]","[10250. 20199. 21530. 18473. 21378. 21978. 21937. 22105. 19799. 22130.
 21761. 21867. 21139. 21283. 22378.]",[14.  0.  0.  0.  0.  0.  0.  0.  0.  0.  0.  0.  0.  0.  0.],"[12018.  2225.   894.  3951.  1046.   446.   487.   319.  2624.   294.
   663.   557.  1285.  1141.    46.]"
0.8592964824120602,"[123.   0.   0.   0.   0.   0.   0.   0.   1.   0.   0.   0.   0.   0.
   0.]","[10254. 20199. 21530. 18473. 21378. 21978. 21937. 22105. 19799. 22130.
 21761. 21867. 21139. 21283. 22378.]",[10.  0.  0.  0.  0.  0.  0.  0.  0.  0.  0.  0.  0.  0.  0.],"[12037.  2225.   894.  3951.  1046.   446.   487.   319.  2624.   294.
   663.   557.  1285.  1141.    46.]"
0.864321608040201,"[107.   0.   0.   0.   0.   0.   0.   0.   0.   0.   0.   0.   0.   0.
   0.]","[10254. 20199. 21530. 18473. 21378. 21978. 21937. 22105. 19799. 22130.
 21761. 21867. 21139. 21283. 22378.]",[10.  0.  0.  0.  0.  0.  0.  0.  0.  0.  0.  0.  0.  0.  0.],"[12053.  2225.   894.  3951.  1046.   446.   487.   319.  2625.   294.
   663.   557.  1285.  1141.    46.]"
0.8693467336683417,[96.  0.  0.  0.  0.  0.  0.  0.  0.  0.  0.  0.  0.  0.  0.],"[10254. 20199. 21530. 18473. 21378. 21978. 21937. 22105. 19799. 22130.
 21761. 21867. 21139. 21283. 22378.]",[10.  0.  0.  0.  0.  0.  0.  0.  0.  0.  0.  0.  0.  0.  0.],"[12064.  2225.   894.  3951.  1046.   446.   487.   319.  2625.   294.
   663.   557.  1285.  1141.    46.]"
0.8743718592964824,[81.  0.  0.  0.  0.  0.  0.  0.  0.  0.  0.  0.  0.  0.  0.],"[10256. 20199. 21530. 18473. 21378. 21978. 21937. 22105. 19799. 22130.
 21761. 21867. 21139. 21283. 22378.]",[8. 0. 0. 0. 0. 0. 0. 0. 0. 0. 0. 0. 0. 0. 0.],"[12079.  2225.   894.  3951.  1046.   446.   487.   319.  2625.   294.
   663.   557.  1285.  1141.    46.]"
0.8793969849246231,[75.  0.  0.  0.  0.  0.  0.  0.  0.  0.  0.  0.  0.  0.  0.],"[10256. 20199. 21530. 18473. 21378. 21978. 21937. 22105. 19799. 22130.
 21761. 21867. 21139. 21283. 22378.]",[8. 0. 0. 0. 0. 0. 0. 0. 0. 0. 0. 0. 0. 0. 0.],"[12085.  2225.   894.  3951.  1046.   446.   487.   319.  2625.   294.
   663.   557.  1285.  1141.    46.]"
0.8844221105527639,[67.  0.  0.  0.  0.  0.  0.  0.  0.  0.  0.  0.  0.  0.  0.],"[10257. 20199. 21530. 18473. 21378. 21978. 21937. 22105. 19799. 22130.
 21761. 21867. 21139. 21283. 22378.]",[7. 0. 0. 0. 0. 0. 0. 0. 0. 0. 0. 0. 0. 0. 0.],"[12093.  2225.   894.  3951.  1046.   446.   487.   319.  2625.   294.
   663.   557.  1285.  1141.    46.]"
0.8894472361809045,[56.  0.  0.  0.  0.  0.  0.  0.  0.  0.  0.  0.  0.  0.  0.],"[10258. 20199. 21530. 18473. 21378. 21978. 21937. 22105. 19799. 22130.
 21761. 21867. 21139. 21283. 22378.]",[6. 0. 0. 0. 0. 0. 0. 0. 0. 0. 0. 0. 0. 0. 0.],"[12104.  2225.   894.  3951.  1046.   446.   487.   319.  2625.   294.
   663.   557.  1285.  1141.    46.]"
0.8944723618090452,[48.  0.  0.  0.  0.  0.  0.  0.  0.  0.  0.  0.  0.  0.  0.],"[10258. 20199. 21530. 18473. 21378. 21978. 21937. 22105. 19799. 22130.
 21761. 21867. 21139. 21283. 22378.]",[6. 0. 0. 0. 0. 0. 0. 0. 0. 0. 0. 0. 0. 0. 0.],"[12112.  2225.   894.  3951.  1046.   446.   487.   319.  2625.   294.
   663.   557.  1285.  1141.    46.]"
0.8994974874371859,[38.  0.  0.  0.  0.  0.  0.  0.  0.  0.  0.  0.  0.  0.  0.],"[10259. 20199. 21530. 18473. 21378. 21978. 21937. 22105. 19799. 22130.
 21761. 21867. 21139. 21283. 22378.]",[5. 0. 0. 0. 0. 0. 0. 0. 0. 0. 0. 0. 0. 0. 0.],"[12122.  2225.   894.  3951.  1046.   446.   487.   319.  2625.   294.
   663.   557.  1285.  1141.    46.]"
0.9045226130653267,[30.  0.  0.  0.  0.  0.  0.  0.  0.  0.  0.  0.  0.  0.  0.],"[10259. 20199. 21530. 18473. 21378. 21978. 21937. 22105. 19799. 22130.
 21761. 21867. 21139. 21283. 22378.]",[5. 0. 0. 0. 0. 0. 0. 0. 0. 0. 0. 0. 0. 0. 0.],"[12130.  2225.   894.  3951.  1046.   446.   487.   319.  2625.   294.
   663.   557.  1285.  1141.    46.]"
0.9095477386934674,[24.  0.  0.  0.  0.  0.  0.  0.  0.  0.  0.  0.  0.  0.  0.],"[10260. 20199. 21530. 18473. 21378. 21978. 21937. 22105. 19799. 22130.
 21761. 21867. 21139. 21283. 22378.]",[4. 0. 0. 0. 0. 0. 0. 0. 0. 0. 0. 0. 0. 0. 0.],"[12136.  2225.   894.  3951.  1046.   446.   487.   319.  2625.   294.
   663.   557.  1285.  1141.    46.]"
0.914572864321608,[18.  0.  0.  0.  0.  0.  0.  0.  0.  0.  0.  0.  0.  0.  0.],"[10261. 20199. 21530. 18473. 21378. 21978. 21937. 22105. 19799. 22130.
 21761. 21867. 21139. 21283. 22378.]",[3. 0. 0. 0. 0. 0. 0. 0. 0. 0. 0. 0. 0. 0. 0.],"[12142.  2225.   894.  3951.  1046.   446.   487.   319.  2625.   294.
   663.   557.  1285.  1141.    46.]"
0.9195979899497487,[13.  0.  0.  0.  0.  0.  0.  0.  0.  0.  0.  0.  0.  0.  0.],"[10261. 20199. 21530. 18473. 21378. 21978. 21937. 22105. 19799. 22130.
 21761. 21867. 21139. 21283. 22378.]",[3. 0. 0. 0. 0. 0. 0. 0. 0. 0. 0. 0. 0. 0. 0.],"[12147.  2225.   894.  3951.  1046.   446.   487.   319.  2625.   294.
   663.   557.  1285.  1141.    46.]"
0.9246231155778895,[8. 0. 0. 0. 0. 0. 0. 0. 0. 0. 0. 0. 0. 0. 0.],"[10261. 20199. 21530. 18473. 21378. 21978. 21937. 22105. 19799. 22130.
 21761. 21867. 21139. 21283. 22378.]",[3. 0. 0. 0. 0. 0. 0. 0. 0. 0. 0. 0. 0. 0. 0.],"[12152.  2225.   894.  3951.  1046.   446.   487.   319.  2625.   294.
   663.   557.  1285.  1141.    46.]"
0.9296482412060302,[7. 0. 0. 0. 0. 0. 0. 0. 0. 0. 0. 0. 0. 0. 0.],"[10262. 20199. 21530. 18473. 21378. 21978. 21937. 22105. 19799. 22130.
 21761. 21867. 21139. 21283. 22378.]",[2. 0. 0. 0. 0. 0. 0. 0. 0. 0. 0. 0. 0. 0. 0.],"[12153.  2225.   894.  3951.  1046.   446.   487.   319.  2625.   294.
   663.   557.  1285.  1141.    46.]"
0.9346733668341709,[5. 0. 0. 0. 0. 0. 0. 0. 0. 0. 0. 0. 0. 0. 0.],"[10262. 20199. 21530. 18473. 21378. 21978. 21937. 22105. 19799. 22130.
 21761. 21867. 21139. 21283. 22378.]",[2. 0. 0. 0. 0. 0. 0. 0. 0. 0. 0. 0. 0. 0. 0.],"[12155.  2225.   894.  3951.  1046.   446.   487.   319.  2625.   294.
   663.   557.  1285.  1141.    46.]"
0.9396984924623115,[5. 0. 0. 0. 0. 0. 0. 0. 0. 0. 0. 0. 0. 0. 0.],"[10263. 20199. 21530. 18473. 21378. 21978. 21937. 22105. 19799. 22130.
 21761. 21867. 21139. 21283. 22378.]",[1. 0. 0. 0. 0. 0. 0. 0. 0. 0. 0. 0. 0. 0. 0.],"[12155.  2225.   894.  3951.  1046.   446.   487.   319.  2625.   294.
   663.   557.  1285.  1141.    46.]"
0.9447236180904522,[3. 0. 0. 0. 0. 0. 0. 0. 0. 0. 0. 0. 0. 0. 0.],"[10263. 20199. 21530. 18473. 21378. 21978. 21937. 22105. 19799. 22130.
 21761. 21867. 21139. 21283. 22378.]",[1. 0. 0. 0. 0. 0. 0. 0. 0. 0. 0. 0. 0. 0. 0.],"[12157.  2225.   894.  3951.  1046.   446.   487.   319.  2625.   294.
   663.   557.  1285.  1141.    46.]"
0.949748743718593,[3. 0. 0. 0. 0. 0. 0. 0. 0. 0. 0. 0. 0. 0. 0.],"[10263. 20199. 21530. 18473. 21378. 21978. 21937. 22105. 19799. 22130.
 21761. 21867. 21139. 21283. 22378.]",[1. 0. 0. 0. 0. 0. 0. 0. 0. 0. 0. 0. 0. 0. 0.],"[12157.  2225.   894.  3951.  1046.   446.   487.   319.  2625.   294.
   663.   557.  1285.  1141.    46.]"
0.9547738693467337,[3. 0. 0. 0. 0. 0. 0. 0. 0. 0. 0. 0. 0. 0. 0.],"[10263. 20199. 21530. 18473. 21378. 21978. 21937. 22105. 19799. 22130.
 21761. 21867. 21139. 21283. 22378.]",[1. 0. 0. 0. 0. 0. 0. 0. 0. 0. 0. 0. 0. 0. 0.],"[12157.  2225.   894.  3951.  1046.   446.   487.   319.  2625.   294.
   663.   557.  1285.  1141.    46.]"
0.9597989949748744,[1. 0. 0. 0. 0. 0. 0. 0. 0. 0. 0. 0. 0. 0. 0.],"[10263. 20199. 21530. 18473. 21378. 21978. 21937. 22105. 19799. 22130.
 21761. 21867. 21139. 21283. 22378.]",[1. 0. 0. 0. 0. 0. 0. 0. 0. 0. 0. 0. 0. 0. 0.],"[12159.  2225.   894.  3951.  1046.   446.   487.   319.  2625.   294.
   663.   557.  1285.  1141.    46.]"
0.964824120603015,[1. 0. 0. 0. 0. 0. 0. 0. 0. 0. 0. 0. 0. 0. 0.],"[10263. 20199. 21530. 18473. 21378. 21978. 21937. 22105. 19799. 22130.
 21761. 21867. 21139. 21283. 22378.]",[1. 0. 0. 0. 0. 0. 0. 0. 0. 0. 0. 0. 0. 0. 0.],"[12159.  2225.   894.  3951.  1046.   446.   487.   319.  2625.   294.
   663.   557.  1285.  1141.    46.]"
0.9698492462311558,[1. 0. 0. 0. 0. 0. 0. 0. 0. 0. 0. 0. 0. 0. 0.],"[10263. 20199. 21530. 18473. 21378. 21978. 21937. 22105. 19799. 22130.
 21761. 21867. 21139. 21283. 22378.]",[1. 0. 0. 0. 0. 0. 0. 0. 0. 0. 0. 0. 0. 0. 0.],"[12159.  2225.   894.  3951.  1046.   446.   487.   319.  2625.   294.
   663.   557.  1285.  1141.    46.]"
0.9748743718592965,[0. 0. 0. 0. 0. 0. 0. 0. 0. 0. 0. 0. 0. 0. 0.],"[10263. 20199. 21530. 18473. 21378. 21978. 21937. 22105. 19799. 22130.
 21761. 21867. 21139. 21283. 22378.]",[1. 0. 0. 0. 0. 0. 0. 0. 0. 0. 0. 0. 0. 0. 0.],"[12160.  2225.   894.  3951.  1046.   446.   487.   319.  2625.   294.
   663.   557.  1285.  1141.    46.]"
0.9798994974874372,[0. 0. 0. 0. 0. 0. 0. 0. 0. 0. 0. 0. 0. 0. 0.],"[10263. 20199. 21530. 18473. 21378. 21978. 21937. 22105. 19799. 22130.
 21761. 21867. 21139. 21283. 22378.]",[1. 0. 0. 0. 0. 0. 0. 0. 0. 0. 0. 0. 0. 0. 0.],"[12160.  2225.   894.  3951.  1046.   446.   487.   319.  2625.   294.
   663.   557.  1285.  1141.    46.]"
0.9849246231155779,[0. 0. 0. 0. 0. 0. 0. 0. 0. 0. 0. 0. 0. 0. 0.],"[10264. 20199. 21530. 18473. 21378. 21978. 21937. 22105. 19799. 22130.
 21761. 21867. 21139. 21283. 22378.]",[0. 0. 0. 0. 0. 0. 0. 0. 0. 0. 0. 0. 0. 0. 0.],"[12160.  2225.   894.  3951.  1046.   446.   487.   319.  2625.   294.
   663.   557.  1285.  1141.    46.]"
0.9899497487437185,[0. 0. 0. 0. 0. 0. 0. 0. 0. 0. 0. 0. 0. 0. 0.],"[10264. 20199. 21530. 18473. 21378. 21978. 21937. 22105. 19799. 22130.
 21761. 21867. 21139. 21283. 22378.]",[0. 0. 0. 0. 0. 0. 0. 0. 0. 0. 0. 0. 0. 0. 0.],"[12160.  2225.   894.  3951.  1046.   446.   487.   319.  2625.   294.
   663.   557.  1285.  1141.    46.]"
0.9949748743718593,[0. 0. 0. 0. 0. 0. 0. 0. 0. 0. 0. 0. 0. 0. 0.],"[10264. 20199. 21530. 18473. 21378. 21978. 21937. 22105. 19799. 22130.
 21761. 21867. 21139. 21283. 22378.]",[0. 0. 0. 0. 0. 0. 0. 0. 0. 0. 0. 0. 0. 0. 0.],"[12160.  2225.   894.  3951.  1046.   446.   487.   319.  2625.   294.
   663.   557.  1285.  1141.    46.]"
1.0000001,[0. 0. 0. 0. 0. 0. 0. 0. 0. 0. 0. 0. 0. 0. 0.],"[10264. 20199. 21530. 18473. 21378. 21978. 21937. 22105. 19799. 22130.
 21761. 21867. 21139. 21283. 22378.]",[0. 0. 0. 0. 0. 0. 0. 0. 0. 0. 0. 0. 0. 0. 0.],"[12160.  2225.   894.  3951.  1046.   446.   487.   319.  2625.   294.
   663.   557.  1285.  1141.    46.]"
